series_id,state_id,state,year,period,value
LASST010000000000003,ST0100000000000,Alabama,2018,M01,3.9
LASST010000000000003,ST0100000000000,Alabama,2018,M02,3.9
LASST010000000000003,ST0100000000000,Alabama,2018,M03,4.0
LASST010000000000003,ST0100000000000,Alabama,2018,M04,4.0
LASST010000000000003,ST0100000000000,Alabama,2018,M05,4.0
LASST010000000000003,ST0100000000000,Alabama,2018,M06,4.0
LASST010000000000003,ST0100000000000,Alabama,2018,M07,4.0
LASST010000000000003,ST0100000000000,Alabama,2018,M08,3.9
LASST010000000000003,ST0100000000000,Alabama,2018,M09,3.8
LASST010000000000003,ST0100000000000,Alabama,2018,M10,3.7
LASST010000000000003,ST0100000000000,Alabama,2018,M11,3.7
LASST010000000000003,ST0100000000000,Alabama,2018,M12,3.6
LASST010000000000003,ST0100000000000,Alabama,2019,M01,3.6
LASST010000000000003,ST0100000000000,Alabama,2019,M02,3.5
LASST010000000000003,ST0100000000000,Alabama,2019,M03,3.3
LASST010000000000003,ST0100000000000,Alabama,2019,M04,3.2
LASST010000000000003,ST0100000000000,Alabama,2019,M05,3.0
LASST010000000000003,ST0100000000000,Alabama,2019,M06,2.9
LASST010000000000003,ST0100000000000,Alabama,2019,M07,2.8
LASST010000000000003,ST0100000000000,Alabama,2019,M08,2.8
LASST010000000000003,ST0100000000000,Alabama,2019,M09,2.7
LASST010000000000003,ST0100000000000,Alabama,2019,M10,2.7
LASST010000000000003,ST0100000000000,Alabama,2019,M11,2.7
LASST010000000000003,ST0100000000000,Alabama,2019,M12,2.7
LASST010000000000003,ST0100000000000,Alabama,2020,M01,2.7
LASST010000000000003,ST0100000000000,Alabama,2020,M02,2.7
LASST010000000000003,ST0100000000000,Alabama,2020,M03,3.5
LASST020000000000003,ST0200000000000,Alaska,2018,M01,6.7
LASST020000000000003,ST0200000000000,Alaska,2018,M02,6.7
LASST020000000000003,ST0200000000000,Alaska,2018,M03,6.6
LASST020000000000003,ST0200000000000,Alaska,2018,M04,6.6
LASST020000000000003,ST0200000000000,Alaska,2018,M05,6.5
LASST020000000000003,ST0200000000000,Alaska,2018,M06,6.5
LASST020000000000003,ST0200000000000,Alaska,2018,M07,6.4
LASST020000000000003,ST0200000000000,Alaska,2018,M08,6.4
LASST020000000000003,ST0200000000000,Alaska,2018,M09,6.3
LASST020000000000003,ST0200000000000,Alaska,2018,M10,6.3
LASST020000000000003,ST0200000000000,Alaska,2018,M11,6.2
LASST020000000000003,ST0200000000000,Alaska,2018,M12,6.2
LASST020000000000003,ST0200000000000,Alaska,2019,M01,6.1
LASST020000000000003,ST0200000000000,Alaska,2019,M02,6.1
LASST020000000000003,ST0200000000000,Alaska,2019,M03,6.1
LASST020000000000003,ST0200000000000,Alaska,2019,M04,6.1
LASST020000000000003,ST0200000000000,Alaska,2019,M05,6.2
LASST020000000000003,ST0200000000000,Alaska,2019,M06,6.2
LASST020000000000003,ST0200000000000,Alaska,2019,M07,6.2
LASST020000000000003,ST0200000000000,Alaska,2019,M08,6.2
LASST020000000000003,ST0200000000000,Alaska,2019,M09,6.2
LASST020000000000003,ST0200000000000,Alaska,2019,M10,6.1
LASST020000000000003,ST0200000000000,Alaska,2019,M11,6.1
LASST020000000000003,ST0200000000000,Alaska,2019,M12,6.1
LASST020000000000003,ST0200000000000,Alaska,2020,M01,6.0
LASST020000000000003,ST0200000000000,Alaska,2020,M02,5.8
LASST020000000000003,ST0200000000000,Alaska,2020,M03,5.6
LASST040000000000003,ST0400000000000,Arizona,2018,M01,4.8
LASST040000000000003,ST0400000000000,Arizona,2018,M02,4.8
LASST040000000000003,ST0400000000000,Arizona,2018,M03,4.7
LASST040000000000003,ST0400000000000,Arizona,2018,M04,4.7
LASST040000000000003,ST0400000000000,Arizona,2018,M05,4.7
LASST040000000000003,ST0400000000000,Arizona,2018,M06,4.7
LASST040000000000003,ST0400000000000,Arizona,2018,M07,4.7
LASST040000000000003,ST0400000000000,Arizona,2018,M08,4.7
LASST040000000000003,ST0400000000000,Arizona,2018,M09,4.7
LASST040000000000003,ST0400000000000,Arizona,2018,M10,4.8
LASST040000000000003,ST0400000000000,Arizona,2018,M11,4.8
LASST040000000000003,ST0400000000000,Arizona,2018,M12,4.8
LASST040000000000003,ST0400000000000,Arizona,2019,M01,4.9
LASST040000000000003,ST0400000000000,Arizona,2019,M02,4.9
LASST040000000000003,ST0400000000000,Arizona,2019,M03,4.8
LASST040000000000003,ST0400000000000,Arizona,2019,M04,4.8
LASST040000000000003,ST0400000000000,Arizona,2019,M05,4.8
LASST040000000000003,ST0400000000000,Arizona,2019,M06,4.8
LASST040000000000003,ST0400000000000,Arizona,2019,M07,4.7
LASST040000000000003,ST0400000000000,Arizona,2019,M08,4.6
LASST040000000000003,ST0400000000000,Arizona,2019,M09,4.6
LASST040000000000003,ST0400000000000,Arizona,2019,M10,4.5
LASST040000000000003,ST0400000000000,Arizona,2019,M11,4.5
LASST040000000000003,ST0400000000000,Arizona,2019,M12,4.5
LASST040000000000003,ST0400000000000,Arizona,2020,M01,4.5
LASST040000000000003,ST0400000000000,Arizona,2020,M02,4.5
LASST040000000000003,ST0400000000000,Arizona,2020,M03,5.5
LASST050000000000003,ST0500000000000,Arkansas,2018,M01,3.7
LASST050000000000003,ST0500000000000,Arkansas,2018,M02,3.7
LASST050000000000003,ST0500000000000,Arkansas,2018,M03,3.7
LASST050000000000003,ST0500000000000,Arkansas,2018,M04,3.7
LASST050000000000003,ST0500000000000,Arkansas,2018,M05,3.7
LASST050000000000003,ST0500000000000,Arkansas,2018,M06,3.6
LASST050000000000003,ST0500000000000,Arkansas,2018,M07,3.6
LASST050000000000003,ST0500000000000,Arkansas,2018,M08,3.6
LASST050000000000003,ST0500000000000,Arkansas,2018,M09,3.6
LASST050000000000003,ST0500000000000,Arkansas,2018,M10,3.6
LASST050000000000003,ST0500000000000,Arkansas,2018,M11,3.6
LASST050000000000003,ST0500000000000,Arkansas,2018,M12,3.6
LASST050000000000003,ST0500000000000,Arkansas,2019,M01,3.6
LASST050000000000003,ST0500000000000,Arkansas,2019,M02,3.6
LASST050000000000003,ST0500000000000,Arkansas,2019,M03,3.5
LASST050000000000003,ST0500000000000,Arkansas,2019,M04,3.5
LASST050000000000003,ST0500000000000,Arkansas,2019,M05,3.5
LASST050000000000003,ST0500000000000,Arkansas,2019,M06,3.6
LASST050000000000003,ST0500000000000,Arkansas,2019,M07,3.6
LASST050000000000003,ST0500000000000,Arkansas,2019,M08,3.6
LASST050000000000003,ST0500000000000,Arkansas,2019,M09,3.6
LASST050000000000003,ST0500000000000,Arkansas,2019,M10,3.5
LASST050000000000003,ST0500000000000,Arkansas,2019,M11,3.5
LASST050000000000003,ST0500000000000,Arkansas,2019,M12,3.5
LASST050000000000003,ST0500000000000,Arkansas,2020,M01,3.5
LASST050000000000003,ST0500000000000,Arkansas,2020,M02,3.5
LASST050000000000003,ST0500000000000,Arkansas,2020,M03,4.8
LASST060000000000003,ST0600000000000,California,2018,M01,4.4
LASST060000000000003,ST0600000000000,California,2018,M02,4.3
LASST060000000000003,ST0600000000000,California,2018,M03,4.3
LASST060000000000003,ST0600000000000,California,2018,M04,4.3
LASST060000000000003,ST0600000000000,California,2018,M05,4.3
LASST060000000000003,ST0600000000000,California,2018,M06,4.2
LASST060000000000003,ST0600000000000,California,2018,M07,4.2
LASST060000000000003,ST0600000000000,California,2018,M08,4.2
LASST060000000000003,ST0600000000000,California,2018,M09,4.2
LASST060000000000003,ST0600000000000,California,2018,M10,4.2
LASST060000000000003,ST0600000000000,California,2018,M11,4.2
LASST060000000000003,ST0600000000000,California,2018,M12,4.3
LASST060000000000003,ST0600000000000,California,2019,M01,4.3
LASST060000000000003,ST0600000000000,California,2019,M02,4.3
LASST060000000000003,ST0600000000000,California,2019,M03,4.2
LASST060000000000003,ST0600000000000,California,2019,M04,4.2
LASST060000000000003,ST0600000000000,California,2019,M05,4.1
LASST060000000000003,ST0600000000000,California,2019,M06,4.0
LASST060000000000003,ST0600000000000,California,2019,M07,4.0
LASST060000000000003,ST0600000000000,California,2019,M08,3.9
LASST060000000000003,ST0600000000000,California,2019,M09,3.9
LASST060000000000003,ST0600000000000,California,2019,M10,3.9
LASST060000000000003,ST0600000000000,California,2019,M11,3.9
LASST060000000000003,ST0600000000000,California,2019,M12,3.9
LASST060000000000003,ST0600000000000,California,2020,M01,3.9
LASST060000000000003,ST0600000000000,California,2020,M02,3.9
LASST060000000000003,ST0600000000000,California,2020,M03,5.3
LASST080000000000003,ST0800000000000,Colorado,2018,M01,3.0
LASST080000000000003,ST0800000000000,Colorado,2018,M02,3.0
LASST080000000000003,ST0800000000000,Colorado,2018,M03,3.0
LASST080000000000003,ST0800000000000,Colorado,2018,M04,3.1
LASST080000000000003,ST0800000000000,Colorado,2018,M05,3.1
LASST080000000000003,ST0800000000000,Colorado,2018,M06,3.2
LASST080000000000003,ST0800000000000,Colorado,2018,M07,3.2
LASST080000000000003,ST0800000000000,Colorado,2018,M08,3.2
LASST080000000000003,ST0800000000000,Colorado,2018,M09,3.3
LASST080000000000003,ST0800000000000,Colorado,2018,M10,3.3
LASST080000000000003,ST0800000000000,Colorado,2018,M11,3.3
LASST080000000000003,ST0800000000000,Colorado,2018,M12,3.2
LASST080000000000003,ST0800000000000,Colorado,2019,M01,3.2
LASST080000000000003,ST0800000000000,Colorado,2019,M02,3.1
LASST080000000000003,ST0800000000000,Colorado,2019,M03,3.0
LASST080000000000003,ST0800000000000,Colorado,2019,M04,2.9
LASST080000000000003,ST0800000000000,Colorado,2019,M05,2.8
LASST080000000000003,ST0800000000000,Colorado,2019,M06,2.7
LASST080000000000003,ST0800000000000,Colorado,2019,M07,2.7
LASST080000000000003,ST0800000000000,Colorado,2019,M08,2.6
LASST080000000000003,ST0800000000000,Colorado,2019,M09,2.6
LASST080000000000003,ST0800000000000,Colorado,2019,M10,2.5
LASST080000000000003,ST0800000000000,Colorado,2019,M11,2.5
LASST080000000000003,ST0800000000000,Colorado,2019,M12,2.5
LASST080000000000003,ST0800000000000,Colorado,2020,M01,2.5
LASST080000000000003,ST0800000000000,Colorado,2020,M02,2.5
LASST080000000000003,ST0800000000000,Colorado,2020,M03,4.5
LASST090000000000003,ST0900000000000,Connecticut,2018,M01,4.5
LASST090000000000003,ST0900000000000,Connecticut,2018,M02,4.5
LASST090000000000003,ST0900000000000,Connecticut,2018,M03,4.4
LASST090000000000003,ST0900000000000,Connecticut,2018,M04,4.3
LASST090000000000003,ST0900000000000,Connecticut,2018,M05,4.2
LASST090000000000003,ST0900000000000,Connecticut,2018,M06,4.2
LASST090000000000003,ST0900000000000,Connecticut,2018,M07,4.1
LASST090000000000003,ST0900000000000,Connecticut,2018,M08,4.0
LASST090000000000003,ST0900000000000,Connecticut,2018,M09,4.0
LASST090000000000003,ST0900000000000,Connecticut,2018,M10,3.9
LASST090000000000003,ST0900000000000,Connecticut,2018,M11,3.9
LASST090000000000003,ST0900000000000,Connecticut,2018,M12,3.9
LASST090000000000003,ST0900000000000,Connecticut,2019,M01,3.8
LASST090000000000003,ST0900000000000,Connecticut,2019,M02,3.8
LASST090000000000003,ST0900000000000,Connecticut,2019,M03,3.7
LASST090000000000003,ST0900000000000,Connecticut,2019,M04,3.7
LASST090000000000003,ST0900000000000,Connecticut,2019,M05,3.7
LASST090000000000003,ST0900000000000,Connecticut,2019,M06,3.7
LASST090000000000003,ST0900000000000,Connecticut,2019,M07,3.7
LASST090000000000003,ST0900000000000,Connecticut,2019,M08,3.7
LASST090000000000003,ST0900000000000,Connecticut,2019,M09,3.7
LASST090000000000003,ST0900000000000,Connecticut,2019,M10,3.8
LASST090000000000003,ST0900000000000,Connecticut,2019,M11,3.8
LASST090000000000003,ST0900000000000,Connecticut,2019,M12,3.8
LASST090000000000003,ST0900000000000,Connecticut,2020,M01,3.7
LASST090000000000003,ST0900000000000,Connecticut,2020,M02,3.8
LASST090000000000003,ST0900000000000,Connecticut,2020,M03,3.7
LASST100000000000003,ST1000000000000,Delaware,2018,M01,4.1
LASST100000000000003,ST1000000000000,Delaware,2018,M02,4.1
LASST100000000000003,ST1000000000000,Delaware,2018,M03,4.0
LASST100000000000003,ST1000000000000,Delaware,2018,M04,3.9
LASST100000000000003,ST1000000000000,Delaware,2018,M05,3.9
LASST100000000000003,ST1000000000000,Delaware,2018,M06,3.8
LASST100000000000003,ST1000000000000,Delaware,2018,M07,3.7
LASST100000000000003,ST1000000000000,Delaware,2018,M08,3.7
LASST100000000000003,ST1000000000000,Delaware,2018,M09,3.6
LASST100000000000003,ST1000000000000,Delaware,2018,M10,3.6
LASST100000000000003,ST1000000000000,Delaware,2018,M11,3.5
LASST100000000000003,ST1000000000000,Delaware,2018,M12,3.5
LASST100000000000003,ST1000000000000,Delaware,2019,M01,3.5
LASST100000000000003,ST1000000000000,Delaware,2019,M02,3.5
LASST100000000000003,ST1000000000000,Delaware,2019,M03,3.6
LASST100000000000003,ST1000000000000,Delaware,2019,M04,3.6
LASST100000000000003,ST1000000000000,Delaware,2019,M05,3.7
LASST100000000000003,ST1000000000000,Delaware,2019,M06,3.7
LASST100000000000003,ST1000000000000,Delaware,2019,M07,3.8
LASST100000000000003,ST1000000000000,Delaware,2019,M08,3.9
LASST100000000000003,ST1000000000000,Delaware,2019,M09,3.9
LASST100000000000003,ST1000000000000,Delaware,2019,M10,4.0
LASST100000000000003,ST1000000000000,Delaware,2019,M11,4.0
LASST100000000000003,ST1000000000000,Delaware,2019,M12,4.0
LASST100000000000003,ST1000000000000,Delaware,2020,M01,4.0
LASST100000000000003,ST1000000000000,Delaware,2020,M02,3.9
LASST100000000000003,ST1000000000000,Delaware,2020,M03,5.1
LASST110000000000003,ST1100000000000,District of Columbia,2018,M01,5.8
LASST110000000000003,ST1100000000000,District of Columbia,2018,M02,5.8
LASST110000000000003,ST1100000000000,District of Columbia,2018,M03,5.8
LASST110000000000003,ST1100000000000,District of Columbia,2018,M04,5.8
LASST110000000000003,ST1100000000000,District of Columbia,2018,M05,5.7
LASST110000000000003,ST1100000000000,District of Columbia,2018,M06,5.7
LASST110000000000003,ST1100000000000,District of Columbia,2018,M07,5.7
LASST110000000000003,ST1100000000000,District of Columbia,2018,M08,5.6
LASST110000000000003,ST1100000000000,District of Columbia,2018,M09,5.6
LASST110000000000003,ST1100000000000,District of Columbia,2018,M10,5.6
LASST110000000000003,ST1100000000000,District of Columbia,2018,M11,5.7
LASST110000000000003,ST1100000000000,District of Columbia,2018,M12,5.7
LASST110000000000003,ST1100000000000,District of Columbia,2019,M01,5.8
LASST110000000000003,ST1100000000000,District of Columbia,2019,M02,5.8
LASST110000000000003,ST1100000000000,District of Columbia,2019,M03,5.7
LASST110000000000003,ST1100000000000,District of Columbia,2019,M04,5.6
LASST110000000000003,ST1100000000000,District of Columbia,2019,M05,5.5
LASST110000000000003,ST1100000000000,District of Columbia,2019,M06,5.4
LASST110000000000003,ST1100000000000,District of Columbia,2019,M07,5.4
LASST110000000000003,ST1100000000000,District of Columbia,2019,M08,5.3
LASST110000000000003,ST1100000000000,District of Columbia,2019,M09,5.3
LASST110000000000003,ST1100000000000,District of Columbia,2019,M10,5.3
LASST110000000000003,ST1100000000000,District of Columbia,2019,M11,5.3
LASST110000000000003,ST1100000000000,District of Columbia,2019,M12,5.3
LASST110000000000003,ST1100000000000,District of Columbia,2020,M01,5.2
LASST110000000000003,ST1100000000000,District of Columbia,2020,M02,5.1
LASST110000000000003,ST1100000000000,District of Columbia,2020,M03,6.0
LASST120000000000003,ST1200000000000,Florida,2018,M01,3.9
LASST120000000000003,ST1200000000000,Florida,2018,M02,3.9
LASST120000000000003,ST1200000000000,Florida,2018,M03,3.8
LASST120000000000003,ST1200000000000,Florida,2018,M04,3.7
LASST120000000000003,ST1200000000000,Florida,2018,M05,3.7
LASST120000000000003,ST1200000000000,Florida,2018,M06,3.6
LASST120000000000003,ST1200000000000,Florida,2018,M07,3.5
LASST120000000000003,ST1200000000000,Florida,2018,M08,3.4
LASST120000000000003,ST1200000000000,Florida,2018,M09,3.4
LASST120000000000003,ST1200000000000,Florida,2018,M10,3.4
LASST120000000000003,ST1200000000000,Florida,2018,M11,3.4
LASST120000000000003,ST1200000000000,Florida,2018,M12,3.4
LASST120000000000003,ST1200000000000,Florida,2019,M01,3.4
LASST120000000000003,ST1200000000000,Florida,2019,M02,3.4
LASST120000000000003,ST1200000000000,Florida,2019,M03,3.4
LASST120000000000003,ST1200000000000,Florida,2019,M04,3.3
LASST120000000000003,ST1200000000000,Florida,2019,M05,3.2
LASST120000000000003,ST1200000000000,Florida,2019,M06,3.2
LASST120000000000003,ST1200000000000,Florida,2019,M07,3.1
LASST120000000000003,ST1200000000000,Florida,2019,M08,3.0
LASST120000000000003,ST1200000000000,Florida,2019,M09,2.9
LASST120000000000003,ST1200000000000,Florida,2019,M10,2.9
LASST120000000000003,ST1200000000000,Florida,2019,M11,2.8
LASST120000000000003,ST1200000000000,Florida,2019,M12,2.9
LASST120000000000003,ST1200000000000,Florida,2020,M01,2.8
LASST120000000000003,ST1200000000000,Florida,2020,M02,2.8
LASST120000000000003,ST1200000000000,Florida,2020,M03,4.3
LASST130000000000003,ST1300000000000,Georgia,2018,M01,4.2
LASST130000000000003,ST1300000000000,Georgia,2018,M02,4.2
LASST130000000000003,ST1300000000000,Georgia,2018,M03,4.1
LASST130000000000003,ST1300000000000,Georgia,2018,M04,4.1
LASST130000000000003,ST1300000000000,Georgia,2018,M05,4.0
LASST130000000000003,ST1300000000000,Georgia,2018,M06,3.9
LASST130000000000003,ST1300000000000,Georgia,2018,M07,3.9
LASST130000000000003,ST1300000000000,Georgia,2018,M08,3.8
LASST130000000000003,ST1300000000000,Georgia,2018,M09,3.8
LASST130000000000003,ST1300000000000,Georgia,2018,M10,3.8
LASST130000000000003,ST1300000000000,Georgia,2018,M11,3.8
LASST130000000000003,ST1300000000000,Georgia,2018,M12,3.8
LASST130000000000003,ST1300000000000,Georgia,2019,M01,3.8
LASST130000000000003,ST1300000000000,Georgia,2019,M02,3.7
LASST130000000000003,ST1300000000000,Georgia,2019,M03,3.7
LASST130000000000003,ST1300000000000,Georgia,2019,M04,3.6
LASST130000000000003,ST1300000000000,Georgia,2019,M05,3.6
LASST130000000000003,ST1300000000000,Georgia,2019,M06,3.5
LASST130000000000003,ST1300000000000,Georgia,2019,M07,3.4
LASST130000000000003,ST1300000000000,Georgia,2019,M08,3.3
LASST130000000000003,ST1300000000000,Georgia,2019,M09,3.2
LASST130000000000003,ST1300000000000,Georgia,2019,M10,3.2
LASST130000000000003,ST1300000000000,Georgia,2019,M11,3.1
LASST130000000000003,ST1300000000000,Georgia,2019,M12,3.1
LASST130000000000003,ST1300000000000,Georgia,2020,M01,3.1
LASST130000000000003,ST1300000000000,Georgia,2020,M02,3.1
LASST130000000000003,ST1300000000000,Georgia,2020,M03,4.2
LASST150000000000003,ST1500000000000,Hawaii,2018,M01,2.3
LASST150000000000003,ST1500000000000,Hawaii,2018,M02,2.3
LASST150000000000003,ST1500000000000,Hawaii,2018,M03,2.3
LASST150000000000003,ST1500000000000,Hawaii,2018,M04,2.3
LASST150000000000003,ST1500000000000,Hawaii,2018,M05,2.4
LASST150000000000003,ST1500000000000,Hawaii,2018,M06,2.5
LASST150000000000003,ST1500000000000,Hawaii,2018,M07,2.5
LASST150000000000003,ST1500000000000,Hawaii,2018,M08,2.6
LASST150000000000003,ST1500000000000,Hawaii,2018,M09,2.7
LASST150000000000003,ST1500000000000,Hawaii,2018,M10,2.7
LASST150000000000003,ST1500000000000,Hawaii,2018,M11,2.8
LASST150000000000003,ST1500000000000,Hawaii,2018,M12,2.8
LASST150000000000003,ST1500000000000,Hawaii,2019,M01,2.8
LASST150000000000003,ST1500000000000,Hawaii,2019,M02,2.8
LASST150000000000003,ST1500000000000,Hawaii,2019,M03,2.8
LASST150000000000003,ST1500000000000,Hawaii,2019,M04,2.7
LASST150000000000003,ST1500000000000,Hawaii,2019,M05,2.7
LASST150000000000003,ST1500000000000,Hawaii,2019,M06,2.7
LASST150000000000003,ST1500000000000,Hawaii,2019,M07,2.7
LASST150000000000003,ST1500000000000,Hawaii,2019,M08,2.7
LASST150000000000003,ST1500000000000,Hawaii,2019,M09,2.7
LASST150000000000003,ST1500000000000,Hawaii,2019,M10,2.7
LASST150000000000003,ST1500000000000,Hawaii,2019,M11,2.6
LASST150000000000003,ST1500000000000,Hawaii,2019,M12,2.7
LASST150000000000003,ST1500000000000,Hawaii,2020,M01,2.7
LASST150000000000003,ST1500000000000,Hawaii,2020,M02,2.7
LASST150000000000003,ST1500000000000,Hawaii,2020,M03,2.6
LASST160000000000003,ST1600000000000,Idaho,2018,M01,3.0
LASST160000000000003,ST1600000000000,Idaho,2018,M02,3.0
LASST160000000000003,ST1600000000000,Idaho,2018,M03,3.0
LASST160000000000003,ST1600000000000,Idaho,2018,M04,2.9
LASST160000000000003,ST1600000000000,Idaho,2018,M05,2.9
LASST160000000000003,ST1600000000000,Idaho,2018,M06,2.9
LASST160000000000003,ST1600000000000,Idaho,2018,M07,2.9
LASST160000000000003,ST1600000000000,Idaho,2018,M08,2.8
LASST160000000000003,ST1600000000000,Idaho,2018,M09,2.8
LASST160000000000003,ST1600000000000,Idaho,2018,M10,2.9
LASST160000000000003,ST1600000000000,Idaho,2018,M11,2.9
LASST160000000000003,ST1600000000000,Idaho,2018,M12,2.9
LASST160000000000003,ST1600000000000,Idaho,2019,M01,2.9
LASST160000000000003,ST1600000000000,Idaho,2019,M02,2.9
LASST160000000000003,ST1600000000000,Idaho,2019,M03,2.9
LASST160000000000003,ST1600000000000,Idaho,2019,M04,2.9
LASST160000000000003,ST1600000000000,Idaho,2019,M05,2.9
LASST160000000000003,ST1600000000000,Idaho,2019,M06,2.9
LASST160000000000003,ST1600000000000,Idaho,2019,M07,2.9
LASST160000000000003,ST1600000000000,Idaho,2019,M08,2.9
LASST160000000000003,ST1600000000000,Idaho,2019,M09,2.9
LASST160000000000003,ST1600000000000,Idaho,2019,M10,2.9
LASST160000000000003,ST1600000000000,Idaho,2019,M11,2.9
LASST160000000000003,ST1600000000000,Idaho,2019,M12,2.9
LASST160000000000003,ST1600000000000,Idaho,2020,M01,2.8
LASST160000000000003,ST1600000000000,Idaho,2020,M02,2.7
LASST160000000000003,ST1600000000000,Idaho,2020,M03,2.6
LASST170000000000003,ST1700000000000,Illinois,2018,M01,4.5
LASST170000000000003,ST1700000000000,Illinois,2018,M02,4.4
LASST170000000000003,ST1700000000000,Illinois,2018,M03,4.4
LASST170000000000003,ST1700000000000,Illinois,2018,M04,4.3
LASST170000000000003,ST1700000000000,Illinois,2018,M05,4.3
LASST170000000000003,ST1700000000000,Illinois,2018,M06,4.3
LASST170000000000003,ST1700000000000,Illinois,2018,M07,4.3
LASST170000000000003,ST1700000000000,Illinois,2018,M08,4.3
LASST170000000000003,ST1700000000000,Illinois,2018,M09,4.2
LASST170000000000003,ST1700000000000,Illinois,2018,M10,4.3
LASST170000000000003,ST1700000000000,Illinois,2018,M11,4.3
LASST170000000000003,ST1700000000000,Illinois,2018,M12,4.4
LASST170000000000003,ST1700000000000,Illinois,2019,M01,4.4
LASST170000000000003,ST1700000000000,Illinois,2019,M02,4.3
LASST170000000000003,ST1700000000000,Illinois,2019,M03,4.3
LASST170000000000003,ST1700000000000,Illinois,2019,M04,4.2
LASST170000000000003,ST1700000000000,Illinois,2019,M05,4.1
LASST170000000000003,ST1700000000000,Illinois,2019,M06,4.0
LASST170000000000003,ST1700000000000,Illinois,2019,M07,3.9
LASST170000000000003,ST1700000000000,Illinois,2019,M08,3.8
LASST170000000000003,ST1700000000000,Illinois,2019,M09,3.7
LASST170000000000003,ST1700000000000,Illinois,2019,M10,3.7
LASST170000000000003,ST1700000000000,Illinois,2019,M11,3.7
LASST170000000000003,ST1700000000000,Illinois,2019,M12,3.7
LASST170000000000003,ST1700000000000,Illinois,2020,M01,3.5
LASST170000000000003,ST1700000000000,Illinois,2020,M02,3.4
LASST170000000000003,ST1700000000000,Illinois,2020,M03,4.6
LASST180000000000003,ST1800000000000,Indiana,2018,M01,3.3
LASST180000000000003,ST1800000000000,Indiana,2018,M02,3.3
LASST180000000000003,ST1800000000000,Indiana,2018,M03,3.4
LASST180000000000003,ST1800000000000,Indiana,2018,M04,3.5
LASST180000000000003,ST1800000000000,Indiana,2018,M05,3.5
LASST180000000000003,ST1800000000000,Indiana,2018,M06,3.5
LASST180000000000003,ST1800000000000,Indiana,2018,M07,3.5
LASST180000000000003,ST1800000000000,Indiana,2018,M08,3.5
LASST180000000000003,ST1800000000000,Indiana,2018,M09,3.5
LASST180000000000003,ST1800000000000,Indiana,2018,M10,3.5
LASST180000000000003,ST1800000000000,Indiana,2018,M11,3.6
LASST180000000000003,ST1800000000000,Indiana,2018,M12,3.6
LASST180000000000003,ST1800000000000,Indiana,2019,M01,3.6
LASST180000000000003,ST1800000000000,Indiana,2019,M02,3.5
LASST180000000000003,ST1800000000000,Indiana,2019,M03,3.5
LASST180000000000003,ST1800000000000,Indiana,2019,M04,3.4
LASST180000000000003,ST1800000000000,Indiana,2019,M05,3.3
LASST180000000000003,ST1800000000000,Indiana,2019,M06,3.3
LASST180000000000003,ST1800000000000,Indiana,2019,M07,3.2
LASST180000000000003,ST1800000000000,Indiana,2019,M08,3.2
LASST180000000000003,ST1800000000000,Indiana,2019,M09,3.2
LASST180000000000003,ST1800000000000,Indiana,2019,M10,3.2
LASST180000000000003,ST1800000000000,Indiana,2019,M11,3.2
LASST180000000000003,ST1800000000000,Indiana,2019,M12,3.2
LASST180000000000003,ST1800000000000,Indiana,2020,M01,3.1
LASST180000000000003,ST1800000000000,Indiana,2020,M02,3.1
LASST180000000000003,ST1800000000000,Indiana,2020,M03,3.2
LASST190000000000003,ST1900000000000,Iowa,2018,M01,2.8
LASST190000000000003,ST1900000000000,Iowa,2018,M02,2.8
LASST190000000000003,ST1900000000000,Iowa,2018,M03,2.7
LASST190000000000003,ST1900000000000,Iowa,2018,M04,2.7
LASST190000000000003,ST1900000000000,Iowa,2018,M05,2.6
LASST190000000000003,ST1900000000000,Iowa,2018,M06,2.6
LASST190000000000003,ST1900000000000,Iowa,2018,M07,2.5
LASST190000000000003,ST1900000000000,Iowa,2018,M08,2.5
LASST190000000000003,ST1900000000000,Iowa,2018,M09,2.5
LASST190000000000003,ST1900000000000,Iowa,2018,M10,2.5
LASST190000000000003,ST1900000000000,Iowa,2018,M11,2.6
LASST190000000000003,ST1900000000000,Iowa,2018,M12,2.6
LASST190000000000003,ST1900000000000,Iowa,2019,M01,2.7
LASST190000000000003,ST1900000000000,Iowa,2019,M02,2.7
LASST190000000000003,ST1900000000000,Iowa,2019,M03,2.7
LASST190000000000003,ST1900000000000,Iowa,2019,M04,2.7
LASST190000000000003,ST1900000000000,Iowa,2019,M05,2.7
LASST190000000000003,ST1900000000000,Iowa,2019,M06,2.7
LASST190000000000003,ST1900000000000,Iowa,2019,M07,2.7
LASST190000000000003,ST1900000000000,Iowa,2019,M08,2.8
LASST190000000000003,ST1900000000000,Iowa,2019,M09,2.8
LASST190000000000003,ST1900000000000,Iowa,2019,M10,2.8
LASST190000000000003,ST1900000000000,Iowa,2019,M11,2.8
LASST190000000000003,ST1900000000000,Iowa,2019,M12,2.8
LASST190000000000003,ST1900000000000,Iowa,2020,M01,2.8
LASST190000000000003,ST1900000000000,Iowa,2020,M02,2.8
LASST190000000000003,ST1900000000000,Iowa,2020,M03,3.7
LASST200000000000003,ST2000000000000,Kansas,2018,M01,3.4
LASST200000000000003,ST2000000000000,Kansas,2018,M02,3.4
LASST200000000000003,ST2000000000000,Kansas,2018,M03,3.4
LASST200000000000003,ST2000000000000,Kansas,2018,M04,3.3
LASST200000000000003,ST2000000000000,Kansas,2018,M05,3.3
LASST200000000000003,ST2000000000000,Kansas,2018,M06,3.3
LASST200000000000003,ST2000000000000,Kansas,2018,M07,3.2
LASST200000000000003,ST2000000000000,Kansas,2018,M08,3.2
LASST200000000000003,ST2000000000000,Kansas,2018,M09,3.2
LASST200000000000003,ST2000000000000,Kansas,2018,M10,3.2
LASST200000000000003,ST2000000000000,Kansas,2018,M11,3.3
LASST200000000000003,ST2000000000000,Kansas,2018,M12,3.3
LASST200000000000003,ST2000000000000,Kansas,2019,M01,3.3
LASST200000000000003,ST2000000000000,Kansas,2019,M02,3.3
LASST200000000000003,ST2000000000000,Kansas,2019,M03,3.2
LASST200000000000003,ST2000000000000,Kansas,2019,M04,3.2
LASST200000000000003,ST2000000000000,Kansas,2019,M05,3.1
LASST200000000000003,ST2000000000000,Kansas,2019,M06,3.1
LASST200000000000003,ST2000000000000,Kansas,2019,M07,3.1
LASST200000000000003,ST2000000000000,Kansas,2019,M08,3.1
LASST200000000000003,ST2000000000000,Kansas,2019,M09,3.1
LASST200000000000003,ST2000000000000,Kansas,2019,M10,3.1
LASST200000000000003,ST2000000000000,Kansas,2019,M11,3.1
LASST200000000000003,ST2000000000000,Kansas,2019,M12,3.1
LASST200000000000003,ST2000000000000,Kansas,2020,M01,3.1
LASST200000000000003,ST2000000000000,Kansas,2020,M02,3.1
LASST200000000000003,ST2000000000000,Kansas,2020,M03,3.1
LASST210000000000003,ST2100000000000,Kentucky,2018,M01,4.3
LASST210000000000003,ST2100000000000,Kentucky,2018,M02,4.3
LASST210000000000003,ST2100000000000,Kentucky,2018,M03,4.3
LASST210000000000003,ST2100000000000,Kentucky,2018,M04,4.3
LASST210000000000003,ST2100000000000,Kentucky,2018,M05,4.4
LASST210000000000003,ST2100000000000,Kentucky,2018,M06,4.4
LASST210000000000003,ST2100000000000,Kentucky,2018,M07,4.4
LASST210000000000003,ST2100000000000,Kentucky,2018,M08,4.4
LASST210000000000003,ST2100000000000,Kentucky,2018,M09,4.3
LASST210000000000003,ST2100000000000,Kentucky,2018,M10,4.3
LASST210000000000003,ST2100000000000,Kentucky,2018,M11,4.3
LASST210000000000003,ST2100000000000,Kentucky,2018,M12,4.3
LASST210000000000003,ST2100000000000,Kentucky,2019,M01,4.2
LASST210000000000003,ST2100000000000,Kentucky,2019,M02,4.2
LASST210000000000003,ST2100000000000,Kentucky,2019,M03,4.2
LASST210000000000003,ST2100000000000,Kentucky,2019,M04,4.3
LASST210000000000003,ST2100000000000,Kentucky,2019,M05,4.3
LASST210000000000003,ST2100000000000,Kentucky,2019,M06,4.3
LASST210000000000003,ST2100000000000,Kentucky,2019,M07,4.3
LASST210000000000003,ST2100000000000,Kentucky,2019,M08,4.3
LASST210000000000003,ST2100000000000,Kentucky,2019,M09,4.3
LASST210000000000003,ST2100000000000,Kentucky,2019,M10,4.3
LASST210000000000003,ST2100000000000,Kentucky,2019,M11,4.3
LASST210000000000003,ST2100000000000,Kentucky,2019,M12,4.3
LASST210000000000003,ST2100000000000,Kentucky,2020,M01,4.3
LASST210000000000003,ST2100000000000,Kentucky,2020,M02,4.2
LASST210000000000003,ST2100000000000,Kentucky,2020,M03,5.8
LASST220000000000003,ST2200000000000,Louisiana,2018,M01,4.7
LASST220000000000003,ST2200000000000,Louisiana,2018,M02,4.8
LASST220000000000003,ST2200000000000,Louisiana,2018,M03,4.9
LASST220000000000003,ST2200000000000,Louisiana,2018,M04,5.0
LASST220000000000003,ST2200000000000,Louisiana,2018,M05,5.0
LASST220000000000003,ST2200000000000,Louisiana,2018,M06,5.0
LASST220000000000003,ST2200000000000,Louisiana,2018,M07,5.0
LASST220000000000003,ST2200000000000,Louisiana,2018,M08,4.9
LASST220000000000003,ST2200000000000,Louisiana,2018,M09,4.9
LASST220000000000003,ST2200000000000,Louisiana,2018,M10,4.8
LASST220000000000003,ST2200000000000,Louisiana,2018,M11,4.8
LASST220000000000003,ST2200000000000,Louisiana,2018,M12,4.7
LASST220000000000003,ST2200000000000,Louisiana,2019,M01,4.7
LASST220000000000003,ST2200000000000,Louisiana,2019,M02,4.6
LASST220000000000003,ST2200000000000,Louisiana,2019,M03,4.5
LASST220000000000003,ST2200000000000,Louisiana,2019,M04,4.5
LASST220000000000003,ST2200000000000,Louisiana,2019,M05,4.5
LASST220000000000003,ST2200000000000,Louisiana,2019,M06,4.6
LASST220000000000003,ST2200000000000,Louisiana,2019,M07,4.7
LASST220000000000003,ST2200000000000,Louisiana,2019,M08,4.9
LASST220000000000003,ST2200000000000,Louisiana,2019,M09,5.1
LASST220000000000003,ST2200000000000,Louisiana,2019,M10,5.2
LASST220000000000003,ST2200000000000,Louisiana,2019,M11,5.2
LASST220000000000003,ST2200000000000,Louisiana,2019,M12,5.2
LASST220000000000003,ST2200000000000,Louisiana,2020,M01,5.3
LASST220000000000003,ST2200000000000,Louisiana,2020,M02,5.2
LASST220000000000003,ST2200000000000,Louisiana,2020,M03,6.9
LASST230000000000003,ST2300000000000,Maine,2018,M01,3.1
LASST230000000000003,ST2300000000000,Maine,2018,M02,3.1
LASST230000000000003,ST2300000000000,Maine,2018,M03,3.2
LASST230000000000003,ST2300000000000,Maine,2018,M04,3.2
LASST230000000000003,ST2300000000000,Maine,2018,M05,3.2
LASST230000000000003,ST2300000000000,Maine,2018,M06,3.3
LASST230000000000003,ST2300000000000,Maine,2018,M07,3.3
LASST230000000000003,ST2300000000000,Maine,2018,M08,3.3
LASST230000000000003,ST2300000000000,Maine,2018,M09,3.3
LASST230000000000003,ST2300000000000,Maine,2018,M10,3.3
LASST230000000000003,ST2300000000000,Maine,2018,M11,3.3
LASST230000000000003,ST2300000000000,Maine,2018,M12,3.3
LASST230000000000003,ST2300000000000,Maine,2019,M01,3.2
LASST230000000000003,ST2300000000000,Maine,2019,M02,3.2
LASST230000000000003,ST2300000000000,Maine,2019,M03,3.1
LASST230000000000003,ST2300000000000,Maine,2019,M04,3.1
LASST230000000000003,ST2300000000000,Maine,2019,M05,3.0
LASST230000000000003,ST2300000000000,Maine,2019,M06,2.9
LASST230000000000003,ST2300000000000,Maine,2019,M07,2.9
LASST230000000000003,ST2300000000000,Maine,2019,M08,2.9
LASST230000000000003,ST2300000000000,Maine,2019,M09,2.9
LASST230000000000003,ST2300000000000,Maine,2019,M10,3.0
LASST230000000000003,ST2300000000000,Maine,2019,M11,3.0
LASST230000000000003,ST2300000000000,Maine,2019,M12,3.0
LASST230000000000003,ST2300000000000,Maine,2020,M01,3.1
LASST230000000000003,ST2300000000000,Maine,2020,M02,3.2
LASST230000000000003,ST2300000000000,Maine,2020,M03,3.2
LASST240000000000003,ST2400000000000,Maryland,2018,M01,4.2
LASST240000000000003,ST2400000000000,Maryland,2018,M02,4.1
LASST240000000000003,ST2400000000000,Maryland,2018,M03,4.1
LASST240000000000003,ST2400000000000,Maryland,2018,M04,4.1
LASST240000000000003,ST2400000000000,Maryland,2018,M05,4.0
LASST240000000000003,ST2400000000000,Maryland,2018,M06,4.0
LASST240000000000003,ST2400000000000,Maryland,2018,M07,3.9
LASST240000000000003,ST2400000000000,Maryland,2018,M08,3.9
LASST240000000000003,ST2400000000000,Maryland,2018,M09,3.8
LASST240000000000003,ST2400000000000,Maryland,2018,M10,3.8
LASST240000000000003,ST2400000000000,Maryland,2018,M11,3.8
LASST240000000000003,ST2400000000000,Maryland,2018,M12,3.8
LASST240000000000003,ST2400000000000,Maryland,2019,M01,3.8
LASST240000000000003,ST2400000000000,Maryland,2019,M02,3.7
LASST240000000000003,ST2400000000000,Maryland,2019,M03,3.7
LASST240000000000003,ST2400000000000,Maryland,2019,M04,3.7
LASST240000000000003,ST2400000000000,Maryland,2019,M05,3.7
LASST240000000000003,ST2400000000000,Maryland,2019,M06,3.6
LASST240000000000003,ST2400000000000,Maryland,2019,M07,3.6
LASST240000000000003,ST2400000000000,Maryland,2019,M08,3.6
LASST240000000000003,ST2400000000000,Maryland,2019,M09,3.5
LASST240000000000003,ST2400000000000,Maryland,2019,M10,3.4
LASST240000000000003,ST2400000000000,Maryland,2019,M11,3.4
LASST240000000000003,ST2400000000000,Maryland,2019,M12,3.4
LASST240000000000003,ST2400000000000,Maryland,2020,M01,3.3
LASST240000000000003,ST2400000000000,Maryland,2020,M02,3.3
LASST240000000000003,ST2400000000000,Maryland,2020,M03,3.3
LASST250000000000003,ST2500000000000,Massachusetts,2018,M01,3.6
LASST250000000000003,ST2500000000000,Massachusetts,2018,M02,3.5
LASST250000000000003,ST2500000000000,Massachusetts,2018,M03,3.5
LASST250000000000003,ST2500000000000,Massachusetts,2018,M04,3.5
LASST250000000000003,ST2500000000000,Massachusetts,2018,M05,3.4
LASST250000000000003,ST2500000000000,Massachusetts,2018,M06,3.4
LASST250000000000003,ST2500000000000,Massachusetts,2018,M07,3.3
LASST250000000000003,ST2500000000000,Massachusetts,2018,M08,3.3
LASST250000000000003,ST2500000000000,Massachusetts,2018,M09,3.3
LASST250000000000003,ST2500000000000,Massachusetts,2018,M10,3.2
LASST250000000000003,ST2500000000000,Massachusetts,2018,M11,3.2
LASST250000000000003,ST2500000000000,Massachusetts,2018,M12,3.1
LASST250000000000003,ST2500000000000,Massachusetts,2019,M01,3.1
LASST250000000000003,ST2500000000000,Massachusetts,2019,M02,3.1
LASST250000000000003,ST2500000000000,Massachusetts,2019,M03,3.0
LASST250000000000003,ST2500000000000,Massachusetts,2019,M04,3.0
LASST250000000000003,ST2500000000000,Massachusetts,2019,M05,2.9
LASST250000000000003,ST2500000000000,Massachusetts,2019,M06,2.9
LASST250000000000003,ST2500000000000,Massachusetts,2019,M07,2.9
LASST250000000000003,ST2500000000000,Massachusetts,2019,M08,2.8
LASST250000000000003,ST2500000000000,Massachusetts,2019,M09,2.8
LASST250000000000003,ST2500000000000,Massachusetts,2019,M10,2.8
LASST250000000000003,ST2500000000000,Massachusetts,2019,M11,2.8
LASST250000000000003,ST2500000000000,Massachusetts,2019,M12,2.8
LASST250000000000003,ST2500000000000,Massachusetts,2020,M01,2.8
LASST250000000000003,ST2500000000000,Massachusetts,2020,M02,2.8
LASST250000000000003,ST2500000000000,Massachusetts,2020,M03,2.9
LASST260000000000003,ST2600000000000,Michigan,2018,M01,4.5
LASST260000000000003,ST2600000000000,Michigan,2018,M02,4.4
LASST260000000000003,ST2600000000000,Michigan,2018,M03,4.4
LASST260000000000003,ST2600000000000,Michigan,2018,M04,4.3
LASST260000000000003,ST2600000000000,Michigan,2018,M05,4.2
LASST260000000000003,ST2600000000000,Michigan,2018,M06,4.1
LASST260000000000003,ST2600000000000,Michigan,2018,M07,4.0
LASST260000000000003,ST2600000000000,Michigan,2018,M08,3.9
LASST260000000000003,ST2600000000000,Michigan,2018,M09,3.9
LASST260000000000003,ST2600000000000,Michigan,2018,M10,4.0
LASST260000000000003,ST2600000000000,Michigan,2018,M11,4.0
LASST260000000000003,ST2600000000000,Michigan,2018,M12,4.1
LASST260000000000003,ST2600000000000,Michigan,2019,M01,4.2
LASST260000000000003,ST2600000000000,Michigan,2019,M02,4.2
LASST260000000000003,ST2600000000000,Michigan,2019,M03,4.3
LASST260000000000003,ST2600000000000,Michigan,2019,M04,4.3
LASST260000000000003,ST2600000000000,Michigan,2019,M05,4.2
LASST260000000000003,ST2600000000000,Michigan,2019,M06,4.2
LASST260000000000003,ST2600000000000,Michigan,2019,M07,4.1
LASST260000000000003,ST2600000000000,Michigan,2019,M08,4.0
LASST260000000000003,ST2600000000000,Michigan,2019,M09,3.9
LASST260000000000003,ST2600000000000,Michigan,2019,M10,3.9
LASST260000000000003,ST2600000000000,Michigan,2019,M11,3.9
LASST260000000000003,ST2600000000000,Michigan,2019,M12,3.9
LASST260000000000003,ST2600000000000,Michigan,2020,M01,3.8
LASST260000000000003,ST2600000000000,Michigan,2020,M02,3.6
LASST260000000000003,ST2600000000000,Michigan,2020,M03,4.1
LASST270000000000003,ST2700000000000,Minnesota,2018,M01,3.0
LASST270000000000003,ST2700000000000,Minnesota,2018,M02,3.0
LASST270000000000003,ST2700000000000,Minnesota,2018,M03,3.0
LASST270000000000003,ST2700000000000,Minnesota,2018,M04,3.0
LASST270000000000003,ST2700000000000,Minnesota,2018,M05,2.9
LASST270000000000003,ST2700000000000,Minnesota,2018,M06,2.9
LASST270000000000003,ST2700000000000,Minnesota,2018,M07,2.8
LASST270000000000003,ST2700000000000,Minnesota,2018,M08,2.8
LASST270000000000003,ST2700000000000,Minnesota,2018,M09,2.9
LASST270000000000003,ST2700000000000,Minnesota,2018,M10,2.9
LASST270000000000003,ST2700000000000,Minnesota,2018,M11,3.0
LASST270000000000003,ST2700000000000,Minnesota,2018,M12,3.1
LASST270000000000003,ST2700000000000,Minnesota,2019,M01,3.2
LASST270000000000003,ST2700000000000,Minnesota,2019,M02,3.2
LASST270000000000003,ST2700000000000,Minnesota,2019,M03,3.2
LASST270000000000003,ST2700000000000,Minnesota,2019,M04,3.2
LASST270000000000003,ST2700000000000,Minnesota,2019,M05,3.2
LASST270000000000003,ST2700000000000,Minnesota,2019,M06,3.2
LASST270000000000003,ST2700000000000,Minnesota,2019,M07,3.2
LASST270000000000003,ST2700000000000,Minnesota,2019,M08,3.2
LASST270000000000003,ST2700000000000,Minnesota,2019,M09,3.2
LASST270000000000003,ST2700000000000,Minnesota,2019,M10,3.3
LASST270000000000003,ST2700000000000,Minnesota,2019,M11,3.3
LASST270000000000003,ST2700000000000,Minnesota,2019,M12,3.3
LASST270000000000003,ST2700000000000,Minnesota,2020,M01,3.2
LASST270000000000003,ST2700000000000,Minnesota,2020,M02,3.1
LASST270000000000003,ST2700000000000,Minnesota,2020,M03,3.1
LASST280000000000003,ST2800000000000,Mississippi,2018,M01,4.9
LASST280000000000003,ST2800000000000,Mississippi,2018,M02,4.9
LASST280000000000003,ST2800000000000,Mississippi,2018,M03,4.9
LASST280000000000003,ST2800000000000,Mississippi,2018,M04,4.8
LASST280000000000003,ST2800000000000,Mississippi,2018,M05,4.8
LASST280000000000003,ST2800000000000,Mississippi,2018,M06,4.8
LASST280000000000003,ST2800000000000,Mississippi,2018,M07,4.7
LASST280000000000003,ST2800000000000,Mississippi,2018,M08,4.7
LASST280000000000003,ST2800000000000,Mississippi,2018,M09,4.8
LASST280000000000003,ST2800000000000,Mississippi,2018,M10,4.9
LASST280000000000003,ST2800000000000,Mississippi,2018,M11,5.0
LASST280000000000003,ST2800000000000,Mississippi,2018,M12,5.1
LASST280000000000003,ST2800000000000,Mississippi,2019,M01,5.1
LASST280000000000003,ST2800000000000,Mississippi,2019,M02,5.2
LASST280000000000003,ST2800000000000,Mississippi,2019,M03,5.3
LASST280000000000003,ST2800000000000,Mississippi,2019,M04,5.3
LASST280000000000003,ST2800000000000,Mississippi,2019,M05,5.4
LASST280000000000003,ST2800000000000,Mississippi,2019,M06,5.4
LASST280000000000003,ST2800000000000,Mississippi,2019,M07,5.5
LASST280000000000003,ST2800000000000,Mississippi,2019,M08,5.5
LASST280000000000003,ST2800000000000,Mississippi,2019,M09,5.6
LASST280000000000003,ST2800000000000,Mississippi,2019,M10,5.6
LASST280000000000003,ST2800000000000,Mississippi,2019,M11,5.6
LASST280000000000003,ST2800000000000,Mississippi,2019,M12,5.6
LASST280000000000003,ST2800000000000,Mississippi,2020,M01,5.5
LASST280000000000003,ST2800000000000,Mississippi,2020,M02,5.4
LASST280000000000003,ST2800000000000,Mississippi,2020,M03,5.3
LASST290000000000003,ST2900000000000,Missouri,2018,M01,3.4
LASST290000000000003,ST2900000000000,Missouri,2018,M02,3.4
LASST290000000000003,ST2900000000000,Missouri,2018,M03,3.3
LASST290000000000003,ST2900000000000,Missouri,2018,M04,3.3
LASST290000000000003,ST2900000000000,Missouri,2018,M05,3.2
LASST290000000000003,ST2900000000000,Missouri,2018,M06,3.1
LASST290000000000003,ST2900000000000,Missouri,2018,M07,3.0
LASST290000000000003,ST2900000000000,Missouri,2018,M08,3.0
LASST290000000000003,ST2900000000000,Missouri,2018,M09,3.0
LASST290000000000003,ST2900000000000,Missouri,2018,M10,3.0
LASST290000000000003,ST2900000000000,Missouri,2018,M11,3.1
LASST290000000000003,ST2900000000000,Missouri,2018,M12,3.2
LASST290000000000003,ST2900000000000,Missouri,2019,M01,3.2
LASST290000000000003,ST2900000000000,Missouri,2019,M02,3.2
LASST290000000000003,ST2900000000000,Missouri,2019,M03,3.2
LASST290000000000003,ST2900000000000,Missouri,2019,M04,3.2
LASST290000000000003,ST2900000000000,Missouri,2019,M05,3.1
LASST290000000000003,ST2900000000000,Missouri,2019,M06,3.1
LASST290000000000003,ST2900000000000,Missouri,2019,M07,3.2
LASST290000000000003,ST2900000000000,Missouri,2019,M08,3.2
LASST290000000000003,ST2900000000000,Missouri,2019,M09,3.3
LASST290000000000003,ST2900000000000,Missouri,2019,M10,3.4
LASST290000000000003,ST2900000000000,Missouri,2019,M11,3.4
LASST290000000000003,ST2900000000000,Missouri,2019,M12,3.4
LASST290000000000003,ST2900000000000,Missouri,2020,M01,3.5
LASST290000000000003,ST2900000000000,Missouri,2020,M02,3.5
LASST290000000000003,ST2900000000000,Missouri,2020,M03,4.5
LASST300000000000003,ST3000000000000,Montana,2018,M01,3.8
LASST300000000000003,ST3000000000000,Montana,2018,M02,3.8
LASST300000000000003,ST3000000000000,Montana,2018,M03,3.7
LASST300000000000003,ST3000000000000,Montana,2018,M04,3.7
LASST300000000000003,ST3000000000000,Montana,2018,M05,3.7
LASST300000000000003,ST3000000000000,Montana,2018,M06,3.6
LASST300000000000003,ST3000000000000,Montana,2018,M07,3.6
LASST300000000000003,ST3000000000000,Montana,2018,M08,3.6
LASST300000000000003,ST3000000000000,Montana,2018,M09,3.6
LASST300000000000003,ST3000000000000,Montana,2018,M10,3.6
LASST300000000000003,ST3000000000000,Montana,2018,M11,3.5
LASST300000000000003,ST3000000000000,Montana,2018,M12,3.5
LASST300000000000003,ST3000000000000,Montana,2019,M01,3.5
LASST300000000000003,ST3000000000000,Montana,2019,M02,3.5
LASST300000000000003,ST3000000000000,Montana,2019,M03,3.5
LASST300000000000003,ST3000000000000,Montana,2019,M04,3.5
LASST300000000000003,ST3000000000000,Montana,2019,M05,3.5
LASST300000000000003,ST3000000000000,Montana,2019,M06,3.5
LASST300000000000003,ST3000000000000,Montana,2019,M07,3.5
LASST300000000000003,ST3000000000000,Montana,2019,M08,3.5
LASST300000000000003,ST3000000000000,Montana,2019,M09,3.5
LASST300000000000003,ST3000000000000,Montana,2019,M10,3.5
LASST300000000000003,ST3000000000000,Montana,2019,M11,3.5
LASST300000000000003,ST3000000000000,Montana,2019,M12,3.5
LASST300000000000003,ST3000000000000,Montana,2020,M01,3.5
LASST300000000000003,ST3000000000000,Montana,2020,M02,3.5
LASST300000000000003,ST3000000000000,Montana,2020,M03,3.5
LASST310000000000003,ST3100000000000,Nebraska,2018,M01,2.9
LASST310000000000003,ST3100000000000,Nebraska,2018,M02,2.9
LASST310000000000003,ST3100000000000,Nebraska,2018,M03,2.9
LASST310000000000003,ST3100000000000,Nebraska,2018,M04,2.9
LASST310000000000003,ST3100000000000,Nebraska,2018,M05,2.9
LASST310000000000003,ST3100000000000,Nebraska,2018,M06,2.9
LASST310000000000003,ST3100000000000,Nebraska,2018,M07,2.9
LASST310000000000003,ST3100000000000,Nebraska,2018,M08,2.9
LASST310000000000003,ST3100000000000,Nebraska,2018,M09,2.9
LASST310000000000003,ST3100000000000,Nebraska,2018,M10,2.9
LASST310000000000003,ST3100000000000,Nebraska,2018,M11,3.0
LASST310000000000003,ST3100000000000,Nebraska,2018,M12,3.0
LASST310000000000003,ST3100000000000,Nebraska,2019,M01,3.0
LASST310000000000003,ST3100000000000,Nebraska,2019,M02,3.1
LASST310000000000003,ST3100000000000,Nebraska,2019,M03,3.1
LASST310000000000003,ST3100000000000,Nebraska,2019,M04,3.1
LASST310000000000003,ST3100000000000,Nebraska,2019,M05,3.1
LASST310000000000003,ST3100000000000,Nebraska,2019,M06,3.1
LASST310000000000003,ST3100000000000,Nebraska,2019,M07,3.1
LASST310000000000003,ST3100000000000,Nebraska,2019,M08,3.1
LASST310000000000003,ST3100000000000,Nebraska,2019,M09,3.0
LASST310000000000003,ST3100000000000,Nebraska,2019,M10,3.0
LASST310000000000003,ST3100000000000,Nebraska,2019,M11,3.0
LASST310000000000003,ST3100000000000,Nebraska,2019,M12,3.0
LASST310000000000003,ST3100000000000,Nebraska,2020,M01,2.9
LASST310000000000003,ST3100000000000,Nebraska,2020,M02,2.9
LASST310000000000003,ST3100000000000,Nebraska,2020,M03,4.2
LASST320000000000003,ST3200000000000,Nevada,2018,M01,4.7
LASST320000000000003,ST3200000000000,Nevada,2018,M02,4.7
LASST320000000000003,ST3200000000000,Nevada,2018,M03,4.6
LASST320000000000003,ST3200000000000,Nevada,2018,M04,4.6
LASST320000000000003,ST3200000000000,Nevada,2018,M05,4.5
LASST320000000000003,ST3200000000000,Nevada,2018,M06,4.4
LASST320000000000003,ST3200000000000,Nevada,2018,M07,4.4
LASST320000000000003,ST3200000000000,Nevada,2018,M08,4.4
LASST320000000000003,ST3200000000000,Nevada,2018,M09,4.3
LASST320000000000003,ST3200000000000,Nevada,2018,M10,4.3
LASST320000000000003,ST3200000000000,Nevada,2018,M11,4.3
LASST320000000000003,ST3200000000000,Nevada,2018,M12,4.2
LASST320000000000003,ST3200000000000,Nevada,2019,M01,4.2
LASST320000000000003,ST3200000000000,Nevada,2019,M02,4.1
LASST320000000000003,ST3200000000000,Nevada,2019,M03,4.1
LASST320000000000003,ST3200000000000,Nevada,2019,M04,4.0
LASST320000000000003,ST3200000000000,Nevada,2019,M05,4.0
LASST320000000000003,ST3200000000000,Nevada,2019,M06,3.9
LASST320000000000003,ST3200000000000,Nevada,2019,M07,3.9
LASST320000000000003,ST3200000000000,Nevada,2019,M08,3.8
LASST320000000000003,ST3200000000000,Nevada,2019,M09,3.7
LASST320000000000003,ST3200000000000,Nevada,2019,M10,3.7
LASST320000000000003,ST3200000000000,Nevada,2019,M11,3.7
LASST320000000000003,ST3200000000000,Nevada,2019,M12,3.7
LASST320000000000003,ST3200000000000,Nevada,2020,M01,3.6
LASST320000000000003,ST3200000000000,Nevada,2020,M02,3.6
LASST320000000000003,ST3200000000000,Nevada,2020,M03,6.3
LASST330000000000003,ST3300000000000,New Hampshire,2018,M01,2.7
LASST330000000000003,ST3300000000000,New Hampshire,2018,M02,2.7
LASST330000000000003,ST3300000000000,New Hampshire,2018,M03,2.7
LASST330000000000003,ST3300000000000,New Hampshire,2018,M04,2.6
LASST330000000000003,ST3300000000000,New Hampshire,2018,M05,2.6
LASST330000000000003,ST3300000000000,New Hampshire,2018,M06,2.6
LASST330000000000003,ST3300000000000,New Hampshire,2018,M07,2.5
LASST330000000000003,ST3300000000000,New Hampshire,2018,M08,2.5
LASST330000000000003,ST3300000000000,New Hampshire,2018,M09,2.5
LASST330000000000003,ST3300000000000,New Hampshire,2018,M10,2.5
LASST330000000000003,ST3300000000000,New Hampshire,2018,M11,2.5
LASST330000000000003,ST3300000000000,New Hampshire,2018,M12,2.5
LASST330000000000003,ST3300000000000,New Hampshire,2019,M01,2.5
LASST330000000000003,ST3300000000000,New Hampshire,2019,M02,2.5
LASST330000000000003,ST3300000000000,New Hampshire,2019,M03,2.5
LASST330000000000003,ST3300000000000,New Hampshire,2019,M04,2.5
LASST330000000000003,ST3300000000000,New Hampshire,2019,M05,2.5
LASST330000000000003,ST3300000000000,New Hampshire,2019,M06,2.5
LASST330000000000003,ST3300000000000,New Hampshire,2019,M07,2.6
LASST330000000000003,ST3300000000000,New Hampshire,2019,M08,2.6
LASST330000000000003,ST3300000000000,New Hampshire,2019,M09,2.6
LASST330000000000003,ST3300000000000,New Hampshire,2019,M10,2.6
LASST330000000000003,ST3300000000000,New Hampshire,2019,M11,2.6
LASST330000000000003,ST3300000000000,New Hampshire,2019,M12,2.6
LASST330000000000003,ST3300000000000,New Hampshire,2020,M01,2.6
LASST330000000000003,ST3300000000000,New Hampshire,2020,M02,2.6
LASST330000000000003,ST3300000000000,New Hampshire,2020,M03,2.6
LASST340000000000003,ST3400000000000,New Jersey,2018,M01,4.5
LASST340000000000003,ST3400000000000,New Jersey,2018,M02,4.5
LASST340000000000003,ST3400000000000,New Jersey,2018,M03,4.4
LASST340000000000003,ST3400000000000,New Jersey,2018,M04,4.3
LASST340000000000003,ST3400000000000,New Jersey,2018,M05,4.2
LASST340000000000003,ST3400000000000,New Jersey,2018,M06,4.1
LASST340000000000003,ST3400000000000,New Jersey,2018,M07,4.0
LASST340000000000003,ST3400000000000,New Jersey,2018,M08,3.9
LASST340000000000003,ST3400000000000,New Jersey,2018,M09,3.8
LASST340000000000003,ST3400000000000,New Jersey,2018,M10,3.8
LASST340000000000003,ST3400000000000,New Jersey,2018,M11,3.8
LASST340000000000003,ST3400000000000,New Jersey,2018,M12,3.8
LASST340000000000003,ST3400000000000,New Jersey,2019,M01,3.7
LASST340000000000003,ST3400000000000,New Jersey,2019,M02,3.6
LASST340000000000003,ST3400000000000,New Jersey,2019,M03,3.5
LASST340000000000003,ST3400000000000,New Jersey,2019,M04,3.4
LASST340000000000003,ST3400000000000,New Jersey,2019,M05,3.3
LASST340000000000003,ST3400000000000,New Jersey,2019,M06,3.3
LASST340000000000003,ST3400000000000,New Jersey,2019,M07,3.3
LASST340000000000003,ST3400000000000,New Jersey,2019,M08,3.5
LASST340000000000003,ST3400000000000,New Jersey,2019,M09,3.6
LASST340000000000003,ST3400000000000,New Jersey,2019,M10,3.7
LASST340000000000003,ST3400000000000,New Jersey,2019,M11,3.7
LASST340000000000003,ST3400000000000,New Jersey,2019,M12,3.7
LASST340000000000003,ST3400000000000,New Jersey,2020,M01,3.8
LASST340000000000003,ST3400000000000,New Jersey,2020,M02,3.8
LASST340000000000003,ST3400000000000,New Jersey,2020,M03,3.8
LASST350000000000003,ST3500000000000,New Mexico,2018,M01,5.2
LASST350000000000003,ST3500000000000,New Mexico,2018,M02,5.1
LASST350000000000003,ST3500000000000,New Mexico,2018,M03,5.0
LASST350000000000003,ST3500000000000,New Mexico,2018,M04,4.9
LASST350000000000003,ST3500000000000,New Mexico,2018,M05,4.8
LASST350000000000003,ST3500000000000,New Mexico,2018,M06,4.8
LASST350000000000003,ST3500000000000,New Mexico,2018,M07,4.8
LASST350000000000003,ST3500000000000,New Mexico,2018,M08,4.8
LASST350000000000003,ST3500000000000,New Mexico,2018,M09,4.8
LASST350000000000003,ST3500000000000,New Mexico,2018,M10,4.9
LASST350000000000003,ST3500000000000,New Mexico,2018,M11,4.9
LASST350000000000003,ST3500000000000,New Mexico,2018,M12,4.9
LASST350000000000003,ST3500000000000,New Mexico,2019,M01,5.0
LASST350000000000003,ST3500000000000,New Mexico,2019,M02,5.0
LASST350000000000003,ST3500000000000,New Mexico,2019,M03,5.0
LASST350000000000003,ST3500000000000,New Mexico,2019,M04,5.0
LASST350000000000003,ST3500000000000,New Mexico,2019,M05,4.9
LASST350000000000003,ST3500000000000,New Mexico,2019,M06,4.9
LASST350000000000003,ST3500000000000,New Mexico,2019,M07,4.8
LASST350000000000003,ST3500000000000,New Mexico,2019,M08,4.8
LASST350000000000003,ST3500000000000,New Mexico,2019,M09,4.8
LASST350000000000003,ST3500000000000,New Mexico,2019,M10,4.8
LASST350000000000003,ST3500000000000,New Mexico,2019,M11,4.8
LASST350000000000003,ST3500000000000,New Mexico,2019,M12,4.8
LASST350000000000003,ST3500000000000,New Mexico,2020,M01,4.8
LASST350000000000003,ST3500000000000,New Mexico,2020,M02,4.8
LASST350000000000003,ST3500000000000,New Mexico,2020,M03,5.9
LASST360000000000003,ST3600000000000,New York,2018,M01,4.5
LASST360000000000003,ST3600000000000,New York,2018,M02,4.5
LASST360000000000003,ST3600000000000,New York,2018,M03,4.4
LASST360000000000003,ST3600000000000,New York,2018,M04,4.3
LASST360000000000003,ST3600000000000,New York,2018,M05,4.2
LASST360000000000003,ST3600000000000,New York,2018,M06,4.1
LASST360000000000003,ST3600000000000,New York,2018,M07,4.0
LASST360000000000003,ST3600000000000,New York,2018,M08,3.9
LASST360000000000003,ST3600000000000,New York,2018,M09,3.9
LASST360000000000003,ST3600000000000,New York,2018,M10,3.9
LASST360000000000003,ST3600000000000,New York,2018,M11,4.0
LASST360000000000003,ST3600000000000,New York,2018,M12,4.0
LASST360000000000003,ST3600000000000,New York,2019,M01,4.0
LASST360000000000003,ST3600000000000,New York,2019,M02,4.0
LASST360000000000003,ST3600000000000,New York,2019,M03,4.0
LASST360000000000003,ST3600000000000,New York,2019,M04,4.0
LASST360000000000003,ST3600000000000,New York,2019,M05,4.0
LASST360000000000003,ST3600000000000,New York,2019,M06,3.9
LASST360000000000003,ST3600000000000,New York,2019,M07,3.9
LASST360000000000003,ST3600000000000,New York,2019,M08,3.9
LASST360000000000003,ST3600000000000,New York,2019,M09,3.9
LASST360000000000003,ST3600000000000,New York,2019,M10,3.9
LASST360000000000003,ST3600000000000,New York,2019,M11,3.9
LASST360000000000003,ST3600000000000,New York,2019,M12,3.9
LASST360000000000003,ST3600000000000,New York,2020,M01,3.8
LASST360000000000003,ST3600000000000,New York,2020,M02,3.7
LASST360000000000003,ST3600000000000,New York,2020,M03,4.5
LASST370000000000003,ST3700000000000,North Carolina,2018,M01,4.2
LASST370000000000003,ST3700000000000,North Carolina,2018,M02,4.1
LASST370000000000003,ST3700000000000,North Carolina,2018,M03,4.1
LASST370000000000003,ST3700000000000,North Carolina,2018,M04,4.0
LASST370000000000003,ST3700000000000,North Carolina,2018,M05,4.0
LASST370000000000003,ST3700000000000,North Carolina,2018,M06,3.9
LASST370000000000003,ST3700000000000,North Carolina,2018,M07,3.9
LASST370000000000003,ST3700000000000,North Carolina,2018,M08,3.9
LASST370000000000003,ST3700000000000,North Carolina,2018,M09,3.9
LASST370000000000003,ST3700000000000,North Carolina,2018,M10,3.9
LASST370000000000003,ST3700000000000,North Carolina,2018,M11,3.9
LASST370000000000003,ST3700000000000,North Carolina,2018,M12,4.0
LASST370000000000003,ST3700000000000,North Carolina,2019,M01,4.0
LASST370000000000003,ST3700000000000,North Carolina,2019,M02,4.1
LASST370000000000003,ST3700000000000,North Carolina,2019,M03,4.1
LASST370000000000003,ST3700000000000,North Carolina,2019,M04,4.1
LASST370000000000003,ST3700000000000,North Carolina,2019,M05,4.0
LASST370000000000003,ST3700000000000,North Carolina,2019,M06,4.0
LASST370000000000003,ST3700000000000,North Carolina,2019,M07,3.9
LASST370000000000003,ST3700000000000,North Carolina,2019,M08,3.8
LASST370000000000003,ST3700000000000,North Carolina,2019,M09,3.7
LASST370000000000003,ST3700000000000,North Carolina,2019,M10,3.7
LASST370000000000003,ST3700000000000,North Carolina,2019,M11,3.6
LASST370000000000003,ST3700000000000,North Carolina,2019,M12,3.6
LASST370000000000003,ST3700000000000,North Carolina,2020,M01,3.6
LASST370000000000003,ST3700000000000,North Carolina,2020,M02,3.6
LASST370000000000003,ST3700000000000,North Carolina,2020,M03,4.4
LASST380000000000003,ST3800000000000,North Dakota,2018,M01,2.7
LASST380000000000003,ST3800000000000,North Dakota,2018,M02,2.7
LASST380000000000003,ST3800000000000,North Dakota,2018,M03,2.7
LASST380000000000003,ST3800000000000,North Dakota,2018,M04,2.6
LASST380000000000003,ST3800000000000,North Dakota,2018,M05,2.6
LASST380000000000003,ST3800000000000,North Dakota,2018,M06,2.6
LASST380000000000003,ST3800000000000,North Dakota,2018,M07,2.6
LASST380000000000003,ST3800000000000,North Dakota,2018,M08,2.6
LASST380000000000003,ST3800000000000,North Dakota,2018,M09,2.5
LASST380000000000003,ST3800000000000,North Dakota,2018,M10,2.5
LASST380000000000003,ST3800000000000,North Dakota,2018,M11,2.4
LASST380000000000003,ST3800000000000,North Dakota,2018,M12,2.4
LASST380000000000003,ST3800000000000,North Dakota,2019,M01,2.3
LASST380000000000003,ST3800000000000,North Dakota,2019,M02,2.3
LASST380000000000003,ST3800000000000,North Dakota,2019,M03,2.3
LASST380000000000003,ST3800000000000,North Dakota,2019,M04,2.3
LASST380000000000003,ST3800000000000,North Dakota,2019,M05,2.4
LASST380000000000003,ST3800000000000,North Dakota,2019,M06,2.4
LASST380000000000003,ST3800000000000,North Dakota,2019,M07,2.4
LASST380000000000003,ST3800000000000,North Dakota,2019,M08,2.4
LASST380000000000003,ST3800000000000,North Dakota,2019,M09,2.4
LASST380000000000003,ST3800000000000,North Dakota,2019,M10,2.4
LASST380000000000003,ST3800000000000,North Dakota,2019,M11,2.4
LASST380000000000003,ST3800000000000,North Dakota,2019,M12,2.4
LASST380000000000003,ST3800000000000,North Dakota,2020,M01,2.3
LASST380000000000003,ST3800000000000,North Dakota,2020,M02,2.2
LASST380000000000003,ST3800000000000,North Dakota,2020,M03,2.2
LASST390000000000003,ST3900000000000,Ohio,2018,M01,4.5
LASST390000000000003,ST3900000000000,Ohio,2018,M02,4.5
LASST390000000000003,ST3900000000000,Ohio,2018,M03,4.5
LASST390000000000003,ST3900000000000,Ohio,2018,M04,4.6
LASST390000000000003,ST3900000000000,Ohio,2018,M05,4.6
LASST390000000000003,ST3900000000000,Ohio,2018,M06,4.5
LASST390000000000003,ST3900000000000,Ohio,2018,M07,4.5
LASST390000000000003,ST3900000000000,Ohio,2018,M08,4.4
LASST390000000000003,ST3900000000000,Ohio,2018,M09,4.4
LASST390000000000003,ST3900000000000,Ohio,2018,M10,4.4
LASST390000000000003,ST3900000000000,Ohio,2018,M11,4.4
LASST390000000000003,ST3900000000000,Ohio,2018,M12,4.3
LASST390000000000003,ST3900000000000,Ohio,2019,M01,4.3
LASST390000000000003,ST3900000000000,Ohio,2019,M02,4.2
LASST390000000000003,ST3900000000000,Ohio,2019,M03,4.1
LASST390000000000003,ST3900000000000,Ohio,2019,M04,4.1
LASST390000000000003,ST3900000000000,Ohio,2019,M05,4.1
LASST390000000000003,ST3900000000000,Ohio,2019,M06,4.1
LASST390000000000003,ST3900000000000,Ohio,2019,M07,4.2
LASST390000000000003,ST3900000000000,Ohio,2019,M08,4.2
LASST390000000000003,ST3900000000000,Ohio,2019,M09,4.1
LASST390000000000003,ST3900000000000,Ohio,2019,M10,4.1
LASST390000000000003,ST3900000000000,Ohio,2019,M11,4.1
LASST390000000000003,ST3900000000000,Ohio,2019,M12,4.1
LASST390000000000003,ST3900000000000,Ohio,2020,M01,4.1
LASST390000000000003,ST3900000000000,Ohio,2020,M02,4.1
LASST390000000000003,ST3900000000000,Ohio,2020,M03,5.5
LASST400000000000003,ST4000000000000,Oklahoma,2018,M01,3.9
LASST400000000000003,ST4000000000000,Oklahoma,2018,M02,3.8
LASST400000000000003,ST4000000000000,Oklahoma,2018,M03,3.7
LASST400000000000003,ST4000000000000,Oklahoma,2018,M04,3.6
LASST400000000000003,ST4000000000000,Oklahoma,2018,M05,3.5
LASST400000000000003,ST4000000000000,Oklahoma,2018,M06,3.4
LASST400000000000003,ST4000000000000,Oklahoma,2018,M07,3.3
LASST400000000000003,ST4000000000000,Oklahoma,2018,M08,3.2
LASST400000000000003,ST4000000000000,Oklahoma,2018,M09,3.2
LASST400000000000003,ST4000000000000,Oklahoma,2018,M10,3.2
LASST400000000000003,ST4000000000000,Oklahoma,2018,M11,3.2
LASST400000000000003,ST4000000000000,Oklahoma,2018,M12,3.3
LASST400000000000003,ST4000000000000,Oklahoma,2019,M01,3.3
LASST400000000000003,ST4000000000000,Oklahoma,2019,M02,3.3
LASST400000000000003,ST4000000000000,Oklahoma,2019,M03,3.2
LASST400000000000003,ST4000000000000,Oklahoma,2019,M04,3.2
LASST400000000000003,ST4000000000000,Oklahoma,2019,M05,3.2
LASST400000000000003,ST4000000000000,Oklahoma,2019,M06,3.2
LASST400000000000003,ST4000000000000,Oklahoma,2019,M07,3.3
LASST400000000000003,ST4000000000000,Oklahoma,2019,M08,3.3
LASST400000000000003,ST4000000000000,Oklahoma,2019,M09,3.3
LASST400000000000003,ST4000000000000,Oklahoma,2019,M10,3.4
LASST400000000000003,ST4000000000000,Oklahoma,2019,M11,3.4
LASST400000000000003,ST4000000000000,Oklahoma,2019,M12,3.4
LASST400000000000003,ST4000000000000,Oklahoma,2020,M01,3.3
LASST400000000000003,ST4000000000000,Oklahoma,2020,M02,3.2
LASST400000000000003,ST4000000000000,Oklahoma,2020,M03,3.1
LASST410000000000003,ST4100000000000,Oregon,2018,M01,4.1
LASST410000000000003,ST4100000000000,Oregon,2018,M02,4.1
LASST410000000000003,ST4100000000000,Oregon,2018,M03,4.1
LASST410000000000003,ST4100000000000,Oregon,2018,M04,4.0
LASST410000000000003,ST4100000000000,Oregon,2018,M05,4.0
LASST410000000000003,ST4100000000000,Oregon,2018,M06,3.9
LASST410000000000003,ST4100000000000,Oregon,2018,M07,3.9
LASST410000000000003,ST4100000000000,Oregon,2018,M08,4.0
LASST410000000000003,ST4100000000000,Oregon,2018,M09,4.0
LASST410000000000003,ST4100000000000,Oregon,2018,M10,4.1
LASST410000000000003,ST4100000000000,Oregon,2018,M11,4.2
LASST410000000000003,ST4100000000000,Oregon,2018,M12,4.2
LASST410000000000003,ST4100000000000,Oregon,2019,M01,4.2
LASST410000000000003,ST4100000000000,Oregon,2019,M02,4.2
LASST410000000000003,ST4100000000000,Oregon,2019,M03,4.1
LASST410000000000003,ST4100000000000,Oregon,2019,M04,4.0
LASST410000000000003,ST4100000000000,Oregon,2019,M05,3.9
LASST410000000000003,ST4100000000000,Oregon,2019,M06,3.8
LASST410000000000003,ST4100000000000,Oregon,2019,M07,3.7
LASST410000000000003,ST4100000000000,Oregon,2019,M08,3.6
LASST410000000000003,ST4100000000000,Oregon,2019,M09,3.5
LASST410000000000003,ST4100000000000,Oregon,2019,M10,3.4
LASST410000000000003,ST4100000000000,Oregon,2019,M11,3.4
LASST410000000000003,ST4100000000000,Oregon,2019,M12,3.4
LASST410000000000003,ST4100000000000,Oregon,2020,M01,3.3
LASST410000000000003,ST4100000000000,Oregon,2020,M02,3.3
LASST410000000000003,ST4100000000000,Oregon,2020,M03,3.3
LASST420000000000003,ST4200000000000,Pennsylvania,2018,M01,4.6
LASST420000000000003,ST4200000000000,Pennsylvania,2018,M02,4.5
LASST420000000000003,ST4200000000000,Pennsylvania,2018,M03,4.4
LASST420000000000003,ST4200000000000,Pennsylvania,2018,M04,4.3
LASST420000000000003,ST4200000000000,Pennsylvania,2018,M05,4.3
LASST420000000000003,ST4200000000000,Pennsylvania,2018,M06,4.2
LASST420000000000003,ST4200000000000,Pennsylvania,2018,M07,4.2
LASST420000000000003,ST4200000000000,Pennsylvania,2018,M08,4.2
LASST420000000000003,ST4200000000000,Pennsylvania,2018,M09,4.1
LASST420000000000003,ST4200000000000,Pennsylvania,2018,M10,4.1
LASST420000000000003,ST4200000000000,Pennsylvania,2018,M11,4.1
LASST420000000000003,ST4200000000000,Pennsylvania,2018,M12,4.1
LASST420000000000003,ST4200000000000,Pennsylvania,2019,M01,4.1
LASST420000000000003,ST4200000000000,Pennsylvania,2019,M02,4.1
LASST420000000000003,ST4200000000000,Pennsylvania,2019,M03,4.1
LASST420000000000003,ST4200000000000,Pennsylvania,2019,M04,4.1
LASST420000000000003,ST4200000000000,Pennsylvania,2019,M05,4.2
LASST420000000000003,ST4200000000000,Pennsylvania,2019,M06,4.3
LASST420000000000003,ST4200000000000,Pennsylvania,2019,M07,4.4
LASST420000000000003,ST4200000000000,Pennsylvania,2019,M08,4.5
LASST420000000000003,ST4200000000000,Pennsylvania,2019,M09,4.6
LASST420000000000003,ST4200000000000,Pennsylvania,2019,M10,4.6
LASST420000000000003,ST4200000000000,Pennsylvania,2019,M11,4.6
LASST420000000000003,ST4200000000000,Pennsylvania,2019,M12,4.6
LASST420000000000003,ST4200000000000,Pennsylvania,2020,M01,4.7
LASST420000000000003,ST4200000000000,Pennsylvania,2020,M02,4.7
LASST420000000000003,ST4200000000000,Pennsylvania,2020,M03,6.0
LASST440000000000003,ST4400000000000,Rhode Island,2018,M01,4.3
LASST440000000000003,ST4400000000000,Rhode Island,2018,M02,4.3
LASST440000000000003,ST4400000000000,Rhode Island,2018,M03,4.2
LASST440000000000003,ST4400000000000,Rhode Island,2018,M04,4.1
LASST440000000000003,ST4400000000000,Rhode Island,2018,M05,4.0
LASST440000000000003,ST4400000000000,Rhode Island,2018,M06,3.9
LASST440000000000003,ST4400000000000,Rhode Island,2018,M07,3.9
LASST440000000000003,ST4400000000000,Rhode Island,2018,M08,3.8
LASST440000000000003,ST4400000000000,Rhode Island,2018,M09,3.8
LASST440000000000003,ST4400000000000,Rhode Island,2018,M10,3.8
LASST440000000000003,ST4400000000000,Rhode Island,2018,M11,3.8
LASST440000000000003,ST4400000000000,Rhode Island,2018,M12,3.7
LASST440000000000003,ST4400000000000,Rhode Island,2019,M01,3.7
LASST440000000000003,ST4400000000000,Rhode Island,2019,M02,3.7
LASST440000000000003,ST4400000000000,Rhode Island,2019,M03,3.6
LASST440000000000003,ST4400000000000,Rhode Island,2019,M04,3.6
LASST440000000000003,ST4400000000000,Rhode Island,2019,M05,3.6
LASST440000000000003,ST4400000000000,Rhode Island,2019,M06,3.6
LASST440000000000003,ST4400000000000,Rhode Island,2019,M07,3.6
LASST440000000000003,ST4400000000000,Rhode Island,2019,M08,3.5
LASST440000000000003,ST4400000000000,Rhode Island,2019,M09,3.5
LASST440000000000003,ST4400000000000,Rhode Island,2019,M10,3.5
LASST440000000000003,ST4400000000000,Rhode Island,2019,M11,3.5
LASST440000000000003,ST4400000000000,Rhode Island,2019,M12,3.5
LASST440000000000003,ST4400000000000,Rhode Island,2020,M01,3.4
LASST440000000000003,ST4400000000000,Rhode Island,2020,M02,3.4
LASST440000000000003,ST4400000000000,Rhode Island,2020,M03,4.6
LASST450000000000003,ST4500000000000,South Carolina,2018,M01,3.9
LASST450000000000003,ST4500000000000,South Carolina,2018,M02,3.8
LASST450000000000003,ST4500000000000,South Carolina,2018,M03,3.6
LASST450000000000003,ST4500000000000,South Carolina,2018,M04,3.5
LASST450000000000003,ST4500000000000,South Carolina,2018,M05,3.4
LASST450000000000003,ST4500000000000,South Carolina,2018,M06,3.4
LASST450000000000003,ST4500000000000,South Carolina,2018,M07,3.3
LASST450000000000003,ST4500000000000,South Carolina,2018,M08,3.3
LASST450000000000003,ST4500000000000,South Carolina,2018,M09,3.3
LASST450000000000003,ST4500000000000,South Carolina,2018,M10,3.3
LASST450000000000003,ST4500000000000,South Carolina,2018,M11,3.3
LASST450000000000003,ST4500000000000,South Carolina,2018,M12,3.4
LASST450000000000003,ST4500000000000,South Carolina,2019,M01,3.4
LASST450000000000003,ST4500000000000,South Carolina,2019,M02,3.4
LASST450000000000003,ST4500000000000,South Carolina,2019,M03,3.4
LASST450000000000003,ST4500000000000,South Carolina,2019,M04,3.3
LASST450000000000003,ST4500000000000,South Carolina,2019,M05,3.1
LASST450000000000003,ST4500000000000,South Carolina,2019,M06,2.9
LASST450000000000003,ST4500000000000,South Carolina,2019,M07,2.7
LASST450000000000003,ST4500000000000,South Carolina,2019,M08,2.5
LASST450000000000003,ST4500000000000,South Carolina,2019,M09,2.4
LASST450000000000003,ST4500000000000,South Carolina,2019,M10,2.4
LASST450000000000003,ST4500000000000,South Carolina,2019,M11,2.4
LASST450000000000003,ST4500000000000,South Carolina,2019,M12,2.4
LASST450000000000003,ST4500000000000,South Carolina,2020,M01,2.4
LASST450000000000003,ST4500000000000,South Carolina,2020,M02,2.5
LASST450000000000003,ST4500000000000,South Carolina,2020,M03,2.6
LASST460000000000003,ST4600000000000,South Dakota,2018,M01,3.2
LASST460000000000003,ST4600000000000,South Dakota,2018,M02,3.2
LASST460000000000003,ST4600000000000,South Dakota,2018,M03,3.1
LASST460000000000003,ST4600000000000,South Dakota,2018,M04,3.1
LASST460000000000003,ST4600000000000,South Dakota,2018,M05,3.1
LASST460000000000003,ST4600000000000,South Dakota,2018,M06,3.1
LASST460000000000003,ST4600000000000,South Dakota,2018,M07,3.0
LASST460000000000003,ST4600000000000,South Dakota,2018,M08,3.0
LASST460000000000003,ST4600000000000,South Dakota,2018,M09,3.0
LASST460000000000003,ST4600000000000,South Dakota,2018,M10,3.0
LASST460000000000003,ST4600000000000,South Dakota,2018,M11,3.0
LASST460000000000003,ST4600000000000,South Dakota,2018,M12,3.1
LASST460000000000003,ST4600000000000,South Dakota,2019,M01,3.1
LASST460000000000003,ST4600000000000,South Dakota,2019,M02,3.1
LASST460000000000003,ST4600000000000,South Dakota,2019,M03,3.2
LASST460000000000003,ST4600000000000,South Dakota,2019,M04,3.2
LASST460000000000003,ST4600000000000,South Dakota,2019,M05,3.3
LASST460000000000003,ST4600000000000,South Dakota,2019,M06,3.3
LASST460000000000003,ST4600000000000,South Dakota,2019,M07,3.3
LASST460000000000003,ST4600000000000,South Dakota,2019,M08,3.3
LASST460000000000003,ST4600000000000,South Dakota,2019,M09,3.4
LASST460000000000003,ST4600000000000,South Dakota,2019,M10,3.4
LASST460000000000003,ST4600000000000,South Dakota,2019,M11,3.4
LASST460000000000003,ST4600000000000,South Dakota,2019,M12,3.4
LASST460000000000003,ST4600000000000,South Dakota,2020,M01,3.4
LASST460000000000003,ST4600000000000,South Dakota,2020,M02,3.3
LASST460000000000003,ST4600000000000,South Dakota,2020,M03,3.3
LASST470000000000003,ST4700000000000,Tennessee,2018,M01,3.6
LASST470000000000003,ST4700000000000,Tennessee,2018,M02,3.6
LASST470000000000003,ST4700000000000,Tennessee,2018,M03,3.6
LASST470000000000003,ST4700000000000,Tennessee,2018,M04,3.6
LASST470000000000003,ST4700000000000,Tennessee,2018,M05,3.6
LASST470000000000003,ST4700000000000,Tennessee,2018,M06,3.6
LASST470000000000003,ST4700000000000,Tennessee,2018,M07,3.5
LASST470000000000003,ST4700000000000,Tennessee,2018,M08,3.5
LASST470000000000003,ST4700000000000,Tennessee,2018,M09,3.5
LASST470000000000003,ST4700000000000,Tennessee,2018,M10,3.4
LASST470000000000003,ST4700000000000,Tennessee,2018,M11,3.4
LASST470000000000003,ST4700000000000,Tennessee,2018,M12,3.4
LASST470000000000003,ST4700000000000,Tennessee,2019,M01,3.4
LASST470000000000003,ST4700000000000,Tennessee,2019,M02,3.4
LASST470000000000003,ST4700000000000,Tennessee,2019,M03,3.5
LASST470000000000003,ST4700000000000,Tennessee,2019,M04,3.5
LASST470000000000003,ST4700000000000,Tennessee,2019,M05,3.5
LASST470000000000003,ST4700000000000,Tennessee,2019,M06,3.4
LASST470000000000003,ST4700000000000,Tennessee,2019,M07,3.4
LASST470000000000003,ST4700000000000,Tennessee,2019,M08,3.4
LASST470000000000003,ST4700000000000,Tennessee,2019,M09,3.3
LASST470000000000003,ST4700000000000,Tennessee,2019,M10,3.3
LASST470000000000003,ST4700000000000,Tennessee,2019,M11,3.3
LASST470000000000003,ST4700000000000,Tennessee,2019,M12,3.3
LASST470000000000003,ST4700000000000,Tennessee,2020,M01,3.3
LASST470000000000003,ST4700000000000,Tennessee,2020,M02,3.4
LASST470000000000003,ST4700000000000,Tennessee,2020,M03,3.5
LASST480000000000003,ST4800000000000,Texas,2018,M01,4.0
LASST480000000000003,ST4800000000000,Texas,2018,M02,4.0
LASST480000000000003,ST4800000000000,Texas,2018,M03,4.0
LASST480000000000003,ST4800000000000,Texas,2018,M04,4.0
LASST480000000000003,ST4800000000000,Texas,2018,M05,3.9
LASST480000000000003,ST4800000000000,Texas,2018,M06,3.9
LASST480000000000003,ST4800000000000,Texas,2018,M07,3.8
LASST480000000000003,ST4800000000000,Texas,2018,M08,3.7
LASST480000000000003,ST4800000000000,Texas,2018,M09,3.7
LASST480000000000003,ST4800000000000,Texas,2018,M10,3.7
LASST480000000000003,ST4800000000000,Texas,2018,M11,3.7
LASST480000000000003,ST4800000000000,Texas,2018,M12,3.7
LASST480000000000003,ST4800000000000,Texas,2019,M01,3.7
LASST480000000000003,ST4800000000000,Texas,2019,M02,3.6
LASST480000000000003,ST4800000000000,Texas,2019,M03,3.5
LASST480000000000003,ST4800000000000,Texas,2019,M04,3.5
LASST480000000000003,ST4800000000000,Texas,2019,M05,3.4
LASST480000000000003,ST4800000000000,Texas,2019,M06,3.4
LASST480000000000003,ST4800000000000,Texas,2019,M07,3.5
LASST480000000000003,ST4800000000000,Texas,2019,M08,3.5
LASST480000000000003,ST4800000000000,Texas,2019,M09,3.5
LASST480000000000003,ST4800000000000,Texas,2019,M10,3.5
LASST480000000000003,ST4800000000000,Texas,2019,M11,3.5
LASST480000000000003,ST4800000000000,Texas,2019,M12,3.5
LASST480000000000003,ST4800000000000,Texas,2020,M01,3.5
LASST480000000000003,ST4800000000000,Texas,2020,M02,3.5
LASST480000000000003,ST4800000000000,Texas,2020,M03,4.7
LASST490000000000003,ST4900000000000,Utah,2018,M01,3.1
LASST490000000000003,ST4900000000000,Utah,2018,M02,3.1
LASST490000000000003,ST4900000000000,Utah,2018,M03,3.1
LASST490000000000003,ST4900000000000,Utah,2018,M04,3.1
LASST490000000000003,ST4900000000000,Utah,2018,M05,3.1
LASST490000000000003,ST4900000000000,Utah,2018,M06,3.1
LASST490000000000003,ST4900000000000,Utah,2018,M07,3.1
LASST490000000000003,ST4900000000000,Utah,2018,M08,3.0
LASST490000000000003,ST4900000000000,Utah,2018,M09,3.0
LASST490000000000003,ST4900000000000,Utah,2018,M10,3.0
LASST490000000000003,ST4900000000000,Utah,2018,M11,3.0
LASST490000000000003,ST4900000000000,Utah,2018,M12,2.9
LASST490000000000003,ST4900000000000,Utah,2019,M01,2.9
LASST490000000000003,ST4900000000000,Utah,2019,M02,2.8
LASST490000000000003,ST4900000000000,Utah,2019,M03,2.8
LASST490000000000003,ST4900000000000,Utah,2019,M04,2.7
LASST490000000000003,ST4900000000000,Utah,2019,M05,2.7
LASST490000000000003,ST4900000000000,Utah,2019,M06,2.6
LASST490000000000003,ST4900000000000,Utah,2019,M07,2.5
LASST490000000000003,ST4900000000000,Utah,2019,M08,2.5
LASST490000000000003,ST4900000000000,Utah,2019,M09,2.5
LASST490000000000003,ST4900000000000,Utah,2019,M10,2.4
LASST490000000000003,ST4900000000000,Utah,2019,M11,2.4
LASST490000000000003,ST4900000000000,Utah,2019,M12,2.4
LASST490000000000003,ST4900000000000,Utah,2020,M01,2.5
LASST490000000000003,ST4900000000000,Utah,2020,M02,2.5
LASST490000000000003,ST4900000000000,Utah,2020,M03,3.6
LASST500000000000003,ST5000000000000,Vermont,2018,M01,2.7
LASST500000000000003,ST5000000000000,Vermont,2018,M02,2.7
LASST500000000000003,ST5000000000000,Vermont,2018,M03,2.7
LASST500000000000003,ST5000000000000,Vermont,2018,M04,2.6
LASST500000000000003,ST5000000000000,Vermont,2018,M05,2.6
LASST500000000000003,ST5000000000000,Vermont,2018,M06,2.6
LASST500000000000003,ST5000000000000,Vermont,2018,M07,2.5
LASST500000000000003,ST5000000000000,Vermont,2018,M08,2.5
LASST500000000000003,ST5000000000000,Vermont,2018,M09,2.5
LASST500000000000003,ST5000000000000,Vermont,2018,M10,2.4
LASST500000000000003,ST5000000000000,Vermont,2018,M11,2.4
LASST500000000000003,ST5000000000000,Vermont,2018,M12,2.4
LASST500000000000003,ST5000000000000,Vermont,2019,M01,2.4
LASST500000000000003,ST5000000000000,Vermont,2019,M02,2.3
LASST500000000000003,ST5000000000000,Vermont,2019,M03,2.3
LASST500000000000003,ST5000000000000,Vermont,2019,M04,2.3
LASST500000000000003,ST5000000000000,Vermont,2019,M05,2.3
LASST500000000000003,ST5000000000000,Vermont,2019,M06,2.4
LASST500000000000003,ST5000000000000,Vermont,2019,M07,2.4
LASST500000000000003,ST5000000000000,Vermont,2019,M08,2.4
LASST500000000000003,ST5000000000000,Vermont,2019,M09,2.4
LASST500000000000003,ST5000000000000,Vermont,2019,M10,2.4
LASST500000000000003,ST5000000000000,Vermont,2019,M11,2.4
LASST500000000000003,ST5000000000000,Vermont,2019,M12,2.4
LASST500000000000003,ST5000000000000,Vermont,2020,M01,2.4
LASST500000000000003,ST5000000000000,Vermont,2020,M02,2.4
LASST500000000000003,ST5000000000000,Vermont,2020,M03,3.2
LASST510000000000003,ST5100000000000,Virginia,2018,M01,3.3
LASST510000000000003,ST5100000000000,Virginia,2018,M02,3.2
LASST510000000000003,ST5100000000000,Virginia,2018,M03,3.2
LASST510000000000003,ST5100000000000,Virginia,2018,M04,3.1
LASST510000000000003,ST5100000000000,Virginia,2018,M05,3.1
LASST510000000000003,ST5100000000000,Virginia,2018,M06,3.0
LASST510000000000003,ST5100000000000,Virginia,2018,M07,3.0
LASST510000000000003,ST5100000000000,Virginia,2018,M08,2.9
LASST510000000000003,ST5100000000000,Virginia,2018,M09,2.9
LASST510000000000003,ST5100000000000,Virginia,2018,M10,2.9
LASST510000000000003,ST5100000000000,Virginia,2018,M11,2.9
LASST510000000000003,ST5100000000000,Virginia,2018,M12,3.0
LASST510000000000003,ST5100000000000,Virginia,2019,M01,3.0
LASST510000000000003,ST5100000000000,Virginia,2019,M02,3.0
LASST510000000000003,ST5100000000000,Virginia,2019,M03,2.9
LASST510000000000003,ST5100000000000,Virginia,2019,M04,2.9
LASST510000000000003,ST5100000000000,Virginia,2019,M05,2.8
LASST510000000000003,ST5100000000000,Virginia,2019,M06,2.8
LASST510000000000003,ST5100000000000,Virginia,2019,M07,2.7
LASST510000000000003,ST5100000000000,Virginia,2019,M08,2.7
LASST510000000000003,ST5100000000000,Virginia,2019,M09,2.7
LASST510000000000003,ST5100000000000,Virginia,2019,M10,2.7
LASST510000000000003,ST5100000000000,Virginia,2019,M11,2.7
LASST510000000000003,ST5100000000000,Virginia,2019,M12,2.7
LASST510000000000003,ST5100000000000,Virginia,2020,M01,2.7
LASST510000000000003,ST5100000000000,Virginia,2020,M02,2.6
LASST510000000000003,ST5100000000000,Virginia,2020,M03,3.3
LASST530000000000003,ST5300000000000,Washington,2018,M01,4.6
LASST530000000000003,ST5300000000000,Washington,2018,M02,4.5
LASST530000000000003,ST5300000000000,Washington,2018,M03,4.5
LASST530000000000003,ST5300000000000,Washington,2018,M04,4.5
LASST530000000000003,ST5300000000000,Washington,2018,M05,4.4
LASST530000000000003,ST5300000000000,Washington,2018,M06,4.4
LASST530000000000003,ST5300000000000,Washington,2018,M07,4.4
LASST530000000000003,ST5300000000000,Washington,2018,M08,4.4
LASST530000000000003,ST5300000000000,Washington,2018,M09,4.4
LASST530000000000003,ST5300000000000,Washington,2018,M10,4.4
LASST530000000000003,ST5300000000000,Washington,2018,M11,4.5
LASST530000000000003,ST5300000000000,Washington,2018,M12,4.5
LASST530000000000003,ST5300000000000,Washington,2019,M01,4.5
LASST530000000000003,ST5300000000000,Washington,2019,M02,4.5
LASST530000000000003,ST5300000000000,Washington,2019,M03,4.5
LASST530000000000003,ST5300000000000,Washington,2019,M04,4.4
LASST530000000000003,ST5300000000000,Washington,2019,M05,4.4
LASST530000000000003,ST5300000000000,Washington,2019,M06,4.3
LASST530000000000003,ST5300000000000,Washington,2019,M07,4.2
LASST530000000000003,ST5300000000000,Washington,2019,M08,4.2
LASST530000000000003,ST5300000000000,Washington,2019,M09,4.1
LASST530000000000003,ST5300000000000,Washington,2019,M10,4.0
LASST530000000000003,ST5300000000000,Washington,2019,M11,4.0
LASST530000000000003,ST5300000000000,Washington,2019,M12,4.0
LASST530000000000003,ST5300000000000,Washington,2020,M01,3.9
LASST530000000000003,ST5300000000000,Washington,2020,M02,3.8
LASST530000000000003,ST5300000000000,Washington,2020,M03,5.1
LASST540000000000003,ST5400000000000,West Virginia,2018,M01,5.4
LASST540000000000003,ST5400000000000,West Virginia,2018,M02,5.4
LASST540000000000003,ST5400000000000,West Virginia,2018,M03,5.4
LASST540000000000003,ST5400000000000,West Virginia,2018,M04,5.4
LASST540000000000003,ST5400000000000,West Virginia,2018,M05,5.3
LASST540000000000003,ST5400000000000,West Virginia,2018,M06,5.3
LASST540000000000003,ST5400000000000,West Virginia,2018,M07,5.2
LASST540000000000003,ST5400000000000,West Virginia,2018,M08,5.1
LASST540000000000003,ST5400000000000,West Virginia,2018,M09,5.1
LASST540000000000003,ST5400000000000,West Virginia,2018,M10,5.0
LASST540000000000003,ST5400000000000,West Virginia,2018,M11,5.0
LASST540000000000003,ST5400000000000,West Virginia,2018,M12,4.9
LASST540000000000003,ST5400000000000,West Virginia,2019,M01,4.9
LASST540000000000003,ST5400000000000,West Virginia,2019,M02,4.8
LASST540000000000003,ST5400000000000,West Virginia,2019,M03,4.8
LASST540000000000003,ST5400000000000,West Virginia,2019,M04,4.7
LASST540000000000003,ST5400000000000,West Virginia,2019,M05,4.7
LASST540000000000003,ST5400000000000,West Virginia,2019,M06,4.7
LASST540000000000003,ST5400000000000,West Virginia,2019,M07,4.8
LASST540000000000003,ST5400000000000,West Virginia,2019,M08,4.9
LASST540000000000003,ST5400000000000,West Virginia,2019,M09,5.0
LASST540000000000003,ST5400000000000,West Virginia,2019,M10,5.1
LASST540000000000003,ST5400000000000,West Virginia,2019,M11,5.1
LASST540000000000003,ST5400000000000,West Virginia,2019,M12,5.1
LASST540000000000003,ST5400000000000,West Virginia,2020,M01,5.0
LASST540000000000003,ST5400000000000,West Virginia,2020,M02,4.9
LASST540000000000003,ST5400000000000,West Virginia,2020,M03,6.1
LASST550000000000003,ST5500000000000,Wisconsin,2018,M01,3.0
LASST550000000000003,ST5500000000000,Wisconsin,2018,M02,3.0
LASST550000000000003,ST5500000000000,Wisconsin,2018,M03,3.0
LASST550000000000003,ST5500000000000,Wisconsin,2018,M04,3.0
LASST550000000000003,ST5500000000000,Wisconsin,2018,M05,3.0
LASST550000000000003,ST5500000000000,Wisconsin,2018,M06,3.0
LASST550000000000003,ST5500000000000,Wisconsin,2018,M07,3.0
LASST550000000000003,ST5500000000000,Wisconsin,2018,M08,3.0
LASST550000000000003,ST5500000000000,Wisconsin,2018,M09,3.0
LASST550000000000003,ST5500000000000,Wisconsin,2018,M10,3.0
LASST550000000000003,ST5500000000000,Wisconsin,2018,M11,3.0
LASST550000000000003,ST5500000000000,Wisconsin,2018,M12,3.0
LASST550000000000003,ST5500000000000,Wisconsin,2019,M01,3.1
LASST550000000000003,ST5500000000000,Wisconsin,2019,M02,3.2
LASST550000000000003,ST5500000000000,Wisconsin,2019,M03,3.2
LASST550000000000003,ST5500000000000,Wisconsin,2019,M04,3.3
LASST550000000000003,ST5500000000000,Wisconsin,2019,M05,3.3
LASST550000000000003,ST5500000000000,Wisconsin,2019,M06,3.4
LASST550000000000003,ST5500000000000,Wisconsin,2019,M07,3.4
LASST550000000000003,ST5500000000000,Wisconsin,2019,M08,3.4
LASST550000000000003,ST5500000000000,Wisconsin,2019,M09,3.4
LASST550000000000003,ST5500000000000,Wisconsin,2019,M10,3.5
LASST550000000000003,ST5500000000000,Wisconsin,2019,M11,3.5
LASST550000000000003,ST5500000000000,Wisconsin,2019,M12,3.5
LASST550000000000003,ST5500000000000,Wisconsin,2020,M01,3.5
LASST550000000000003,ST5500000000000,Wisconsin,2020,M02,3.5
LASST550000000000003,ST5500000000000,Wisconsin,2020,M03,3.4
LASST560000000000003,ST5600000000000,Wyoming,2018,M01,4.0
LASST560000000000003,ST5600000000000,Wyoming,2018,M02,4.0
LASST560000000000003,ST5600000000000,Wyoming,2018,M03,3.9
LASST560000000000003,ST5600000000000,Wyoming,2018,M04,3.9
LASST560000000000003,ST5600000000000,Wyoming,2018,M05,3.9
LASST560000000000003,ST5600000000000,Wyoming,2018,M06,3.9
LASST560000000000003,ST5600000000000,Wyoming,2018,M07,3.9
LASST560000000000003,ST5600000000000,Wyoming,2018,M08,3.9
LASST560000000000003,ST5600000000000,Wyoming,2018,M09,3.9
LASST560000000000003,ST5600000000000,Wyoming,2018,M10,3.8
LASST560000000000003,ST5600000000000,Wyoming,2018,M11,3.7
LASST560000000000003,ST5600000000000,Wyoming,2018,M12,3.6
LASST560000000000003,ST5600000000000,Wyoming,2019,M01,3.5
LASST560000000000003,ST5600000000000,Wyoming,2019,M02,3.5
LASST560000000000003,ST5600000000000,Wyoming,2019,M03,3.4
LASST560000000000003,ST5600000000000,Wyoming,2019,M04,3.5
LASST560000000000003,ST5600000000000,Wyoming,2019,M05,3.5
LASST560000000000003,ST5600000000000,Wyoming,2019,M06,3.6
LASST560000000000003,ST5600000000000,Wyoming,2019,M07,3.7
LASST560000000000003,ST5600000000000,Wyoming,2019,M08,3.7
LASST560000000000003,ST5600000000000,Wyoming,2019,M09,3.7
LASST560000000000003,ST5600000000000,Wyoming,2019,M10,3.7
LASST560000000000003,ST5600000000000,Wyoming,2019,M11,3.7
LASST560000000000003,ST5600000000000,Wyoming,2019,M12,3.7
LASST560000000000003,ST5600000000000,Wyoming,2020,M01,3.7
LASST560000000000003,ST5600000000000,Wyoming,2020,M02,3.7
LASST560000000000003,ST5600000000000,Wyoming,2020,M03,3.7
